path,content_rows,sha256
README.md,,e9cc233e3d59f96fed3dbb5f64e662d0f8cf437ea0b9528e7c824e0a38a8e363
dataset_cube_status.csv,46,8c81f134d481912e171c31e92ac33fd7f36d96ca1a99226b8f683f3fc5803f3a
dataset_cube_status.md,,ea3fd5e2c29382e7520e02804d07efb8cf6c5ba7e6c7675786b02defc86c5763
m0/DC-C01-S01-M0/README.md,,f779713173e866608f58d369a23fbb615310fc16c58e4c5ad5d7ddd61031494d
m0/DC-C01-S01-M0/manifest.csv,7,37adeefbe4e74fb2741d7142500edd408eb47952f18dc06a0cd14f084e5296af
m0/DC-C05-S01-M0/README.md,,a85334b2686eeefbb2fa5ff8a0578f53f07adc11105fc08d2ce9629319bdee8d
m0/DC-C05-S01-M0/manifest.csv,20,8b9568625e753c564c6993f0fda8fb67f88398cfd17e28f3410e8228a0164477
m0/DC-C05-S01-M0/materialization_status.csv,20,fef825a7b5cb7043949548d3041b2f3f66ec1a0bd51e36d2767c4367c9d7ece9
m1/DC-C01-S01-M1/README.md,,16664b3d86de2893d12df57db8207d8ea80be7eb6e637bf88e58806758bf45bf
m1/DC-C01-S01-M1/analysis_status.csv,96,a2afec21adb445c05aa92d6fb4c5d3ea94e44aa2608a14b1a4cc5c29125be3bc
m1/DC-C01-S01-M1/app_feature_extraction_smoke_summary.csv,48,e6e373914fde7377c0ef191cf99e88f26cd586ef3ea249cb8199aff8da582733
m1/DC-C01-S01-M1/candidate_pairs.csv,30,4984cf891206c3c9fcad9f808dfe77ab3831d505423dacd653a4cadb1e890bce
m1/DC-C01-S01-M1/decode_sanity_summary.csv,48,55a4e583b5de598dbe225f7cbef5c233c584a9270d16c99752dd8866e6e31c37
m1/DC-C01-S01-M1/download_queue.csv,60,d112aa3ccf0e671c302cf2982d6e677685dfaa87a56faf970ac8d5083fbdba86
m1/DC-C01-S01-M1/failure_summary.csv,0,aa0442dc0aab09c05ad3aed1d3ca60dbd917f7f5fabd1af881cb57844d2e4162
m1/DC-C01-S01-M1/feature_extraction_smoke_summary.csv,24,8088e6726815bb0b25451784cfa2edacb7232f1401e449da6d37a38e59e5da0f
m1/DC-C01-S01-M1/manifest.csv,40,643cec93d86168633d6b95d1a150d16f00392b02c4cfb92da742e57e01c0246b
m1/DC-C01-S01-M1/materialization_status.csv,30,6db6471318a1c358b69c17c4058520525968f3681d1da59190e263f462463bc0
m1/DC-C01-S01-M1/pair_change_tags.csv,82,d24ea0d875a7a9af9446af4d03d95f99353fd4a1bdb4de5cc1e0918e90e200a9
m1/DC-C01-S01-M1/source_selection.csv,30,8430d92d846c4f2ab320933e9be0f47a43e597ee54a5c390caa7babec1af3463
m1/DC-C02-S01-M1/README.md,,a406c8943c808871fa02fb1756f17aa4a23559bf7e3220e1dde94f9b5719c158
m1/DC-C02-S01-M1/app_feature_extraction_smoke_summary.csv,40,c1c64ae5c1f1246998f711927f9c90a07d48199be929ea532c544803d4dc569c
m1/DC-C02-S01-M1/candidate_pairs.csv,20,5f640693c7e7975ca05b4d827cf97d6e255ba1058e9068b276590215539cb46e
m1/DC-C02-S01-M1/decode_sanity_summary.csv,40,23121d4d6dcf947f4db6c0e27d65512188f65a8a5c3fe8105e05e8101a0bcaff
m1/DC-C02-S01-M1/feature_extraction_smoke_summary.csv,20,83ca29b46bc1da371934deda0631c6e63ef19eedb94fdda88355020a92b10cf4
m1/DC-C02-S01-M1/generated-apks/DC-C02-S01-M1-CAND-0001/left.apk,,99019cd6216c831ccf38df1310a13a536b78c32b4bd3ad4a43cafa274a187925
m1/DC-C02-S01-M1/generated-apks/DC-C02-S01-M1-CAND-0001/right.apk,,58e87451acb75b68ce0f2b6f4055deabb92881542571d912047dcb39f8701082
m1/DC-C02-S01-M1/generated-apks/DC-C02-S01-M1-CAND-0002/left.apk,,e74780396b16442221b3a3fdbd5f118529029a62b822a0eca1afc738878daacb
m1/DC-C02-S01-M1/generated-apks/DC-C02-S01-M1-CAND-0002/right.apk,,7ac2788cb83534ba66c78d8ab844aceefcc2b5e52072313675f61c021bb31400
m1/DC-C02-S01-M1/generated-apks/DC-C02-S01-M1-CAND-0003/left.apk,,0db1c014d383303b9946759a40203b8df211538fe56adbce8baecb154febcce8
m1/DC-C02-S01-M1/generated-apks/DC-C02-S01-M1-CAND-0003/right.apk,,3549b36f9bdd57116c9f9620a696b49169c0153fc566fd8894db1cdca7affdb5
m1/DC-C02-S01-M1/generated-apks/DC-C02-S01-M1-CAND-0004/left.apk,,1673ca10eb77e0c9b8c0aa8b4ce8ac33d35463475637fda9232880355df3f56b
m1/DC-C02-S01-M1/generated-apks/DC-C02-S01-M1-CAND-0004/right.apk,,8f2cae1120b822cd1693d359ec2cb19e10a6297cce526a82a6e6f05f4e7e7721
m1/DC-C02-S01-M1/generated-apks/DC-C02-S01-M1-CAND-0005/left.apk,,258e1c508b28a9d7713690c83449ecf669c7467f00f4272edbb22e031478390c
m1/DC-C02-S01-M1/generated-apks/DC-C02-S01-M1-CAND-0005/right.apk,,13695bcc4c037a9a8d2af4043124885503bfcd041e270ec926a47a1b091f553a
m1/DC-C02-S01-M1/generated-apks/DC-C02-S01-M1-CAND-0006/left.apk,,606e66a1d162dbff7af7207f50c3bec41f02a0beccf2e445e146aa09abf33b9e
m1/DC-C02-S01-M1/generated-apks/DC-C02-S01-M1-CAND-0006/right.apk,,f701ff32f601bedf32368255b431e43e394f549be17b1942dac5d0eaddd38980
m1/DC-C02-S01-M1/generated-apks/DC-C02-S01-M1-CAND-0007/left.apk,,8c9e45de49a2a835bd5060ff97defe6879e5330dba280a9340b4d13565d0f068
m1/DC-C02-S01-M1/generated-apks/DC-C02-S01-M1-CAND-0007/right.apk,,d68d214a4cc7b055aed07b4518a80f9abc9e306818fcea46687ae001381b4fe9
m1/DC-C02-S01-M1/generated-apks/DC-C02-S01-M1-CAND-0008/left.apk,,c598f3b453f3575f0a70027247de4c918d377ab26b285785828f92a4031803f8
m1/DC-C02-S01-M1/generated-apks/DC-C02-S01-M1-CAND-0008/right.apk,,008b2a6c6094cc7337c763ad070add22e0f3dbdab7b56c12b1d387843e3153e2
m1/DC-C02-S01-M1/generated-apks/DC-C02-S01-M1-CAND-0009/left.apk,,1a52e87d3242aea7167a2ec8631872b80755a67c4d1eca9b39c91c7205e0def5
m1/DC-C02-S01-M1/generated-apks/DC-C02-S01-M1-CAND-0009/right.apk,,bb2fa261c82169638969d859cb941544482a7cbc9c173bd2ac6e846ae3adaf72
m1/DC-C02-S01-M1/generated-apks/DC-C02-S01-M1-CAND-0010/left.apk,,76a2b4af200ff428afc8361a9dda49cdf3e48fd77d948e99a5b99970c550d4d5
m1/DC-C02-S01-M1/generated-apks/DC-C02-S01-M1-CAND-0010/right.apk,,a803efe5556d8f5d0679214c488d315c444c54b38ed55860225766581415cabb
m1/DC-C02-S01-M1/generated-apks/DC-C02-S01-M1-CAND-0011/left.apk,,c9eb615987b677887fece1bc3f43491e24160fef19c145c15f8a1c896fdc2f11
m1/DC-C02-S01-M1/generated-apks/DC-C02-S01-M1-CAND-0011/right.apk,,c0c0c631e65fc10e809fb39a038734712e2bb91497a0840b27702e74c6a85d41
m1/DC-C02-S01-M1/generated-apks/DC-C02-S01-M1-CAND-0012/left.apk,,e274c88c4b3892685b6a81032030065fbf95b0fbd08f552579065662fcbdc878
m1/DC-C02-S01-M1/generated-apks/DC-C02-S01-M1-CAND-0012/right.apk,,cf1f73ee602f7807a5b3a59f73bca8a27c526dd81ded05c2c9a81c831768d24d
m1/DC-C02-S01-M1/generated-apks/DC-C02-S01-M1-CAND-0013/left.apk,,731b90860a2c55359a8fd32379dcfe0d5c13a430aef11f80bdc8f3a993e9fdc5
m1/DC-C02-S01-M1/generated-apks/DC-C02-S01-M1-CAND-0013/right.apk,,71b5a6d2a8ee54be42914f5c7e45dd7b7428c2ba5bfcfd4aebdf2941f62c306f
m1/DC-C02-S01-M1/generated-apks/DC-C02-S01-M1-CAND-0014/left.apk,,c6393d13678ad3062109e85c07a7ab4701aa472153d118322c97acfd372faa04
m1/DC-C02-S01-M1/generated-apks/DC-C02-S01-M1-CAND-0014/right.apk,,768276f6743b3c0886b09f7f61e303fb0743f1fe5c08c029cc0f0c1c255799dc
m1/DC-C02-S01-M1/generated-apks/DC-C02-S01-M1-CAND-0015/left.apk,,b9493fa5908fb4a8eded877ee61c24a98bf2c1ae7c2f8a3026eeae7426c82740
m1/DC-C02-S01-M1/generated-apks/DC-C02-S01-M1-CAND-0015/right.apk,,600e18b4985283d74b4e8b8328445b6ab9107e66ea0ef8c5e3e58a21f6a749a6
m1/DC-C02-S01-M1/generated-apks/DC-C02-S01-M1-CAND-0016/left.apk,,b734f9de943402b9b4e64d9a3d2dfed20ad37effe8d040076e709260a0a250fe
m1/DC-C02-S01-M1/generated-apks/DC-C02-S01-M1-CAND-0016/right.apk,,6a0df6021e5d1de7827f94bb0bb50ec9ca379bffcc3f3fb8dc0830db9c7b4129
m1/DC-C02-S01-M1/generated-apks/DC-C02-S01-M1-CAND-0017/left.apk,,bcc011caa1b9e78eb9c012e088dfd6baa04f7e7816e9dab3c3834ac81744387e
m1/DC-C02-S01-M1/generated-apks/DC-C02-S01-M1-CAND-0017/right.apk,,ecc8896c6ec059a6c3eaaa2e06b32df7965b65a974529d8f506d9903f6946950
m1/DC-C02-S01-M1/generated-apks/DC-C02-S01-M1-CAND-0018/left.apk,,74fb9afb53adbedca1a8e770a8479826e9195cbcd73f18b894f547f80b96091e
m1/DC-C02-S01-M1/generated-apks/DC-C02-S01-M1-CAND-0018/right.apk,,d915e3e39800ad16a26c08526fdb5f9995a222cc783d299cb88aed0ebe49db59
m1/DC-C02-S01-M1/generated-apks/DC-C02-S01-M1-CAND-0019/left.apk,,64cff9a43f936609b4924b3136bf218293a2c9ce6c2aaa65b3402cfad916ac38
m1/DC-C02-S01-M1/generated-apks/DC-C02-S01-M1-CAND-0019/right.apk,,4cae6fc694fcb3566dfb4cbc4c38ac0da52ebcf6e9f6b9c8b675d22002f85e16
m1/DC-C02-S01-M1/generated-apks/DC-C02-S01-M1-CAND-0020/left.apk,,c5e38773bb7b10d247651e07e833dcba0a7d6b9c79f125e41ae0b3d5ff7758f6
m1/DC-C02-S01-M1/generated-apks/DC-C02-S01-M1-CAND-0020/right.apk,,4413bb8e62bbfb4925a8c1f4208688b48ec1e1094fa925c43bd65d3fb1a2ad32
m1/DC-C02-S01-M1/generation_status.csv,20,eed4fed1dee288317611aad88ac9c680e884b6d9ac35b74955a3f13bf65678a5
m1/DC-C02-S01-M1/manifest.csv,40,94afc151b25537bb13350ecb924f743ffc690d9ee2e6c49d7221419852e06fcd
m1/DC-C02-S01-M1/pair_change_tags.csv,80,0f619aa9b7a52d3d55b693a1bfb47a64dc9b4c5bcc1cfb7f93cc224bbe649edb
m1/DC-C05-S01-M1/README.md,,3a4472ed1b9afbb5f7d55eabb99d104484638e95428b3aed4bc7f52a4492980d
m1/DC-C05-S01-M1/manifest.csv,40,6f61a9ef08b76a5c581090a9837f07cab63746099b732bb1773329587eb48f18
m1/DC-C05-S01-M1/pair_change_tags.csv,92,65d93737471f521c959dde724da3969ffbd92871ce45643225122c155d6e3b08
