sha256,stage,status,tool_name,tool_version,started_at,finished_at,failure_class
01195c7318fb8effa28db5e32c46599c30c18b8743781c30470ade92d83caea5,decode_sanity,success,apktool,2.12.1,2026-06-12T09:10:38+00:00,2026-06-12T09:10:40+00:00,
d548502f86d440d9e27145d3ef9e351f04e1d96284e7dbdeae9a886f26366c54,decode_sanity,success,apktool,2.12.1,2026-06-12T09:10:40+00:00,2026-06-12T09:10:41+00:00,
04d61cf71bcd9e9ff83d35fa86c82cb0e4d1476c39cb1a87217e7d4dfa4b71af,decode_sanity,success,apktool,2.12.1,2026-06-12T09:10:41+00:00,2026-06-12T09:10:42+00:00,
d5c2a31bd95fc4d602b00dfc239d86c7e7160efb334968f0dcf7972641c7c504,decode_sanity,success,apktool,2.12.1,2026-06-12T09:10:42+00:00,2026-06-12T09:10:43+00:00,
05667ddf242b81000b2d29946a63c1113162c8c72ff13b82464c123da26c64a3,decode_sanity,success,apktool,2.12.1,2026-06-12T09:10:43+00:00,2026-06-12T09:10:43+00:00,
3ff73591ab3c0bd3d8271a3f5b5643154f3e4d6dff7203fbfff052aea71bb9b1,decode_sanity,success,apktool,2.12.1,2026-06-12T09:10:43+00:00,2026-06-12T09:10:44+00:00,
083e11ab8280522404d62963b6118de52d81333d8640c876244687fd1fec065d,decode_sanity,success,apktool,2.12.1,2026-06-12T09:10:44+00:00,2026-06-12T09:10:44+00:00,
c9f77f0849974a41d6a35cb00e2a4274b4d4a3a5435a1a7ceac645dc32805a03,decode_sanity,success,apktool,2.12.1,2026-06-12T09:10:44+00:00,2026-06-12T09:10:45+00:00,
10eda742fb707dc442217d942923eafa7140e83c4c2c04f477a8ea5368285fe5,decode_sanity,success,apktool,2.12.1,2026-06-12T09:10:45+00:00,2026-06-12T09:10:45+00:00,
ccea2daaee5d9ef65876b8b1e7aed79454cd7e501f291ed2aca0e4973ff1075f,decode_sanity,success,apktool,2.12.1,2026-06-12T09:10:45+00:00,2026-06-12T09:10:46+00:00,
228e4844ebbea413fbd16b17ba09e96ebdf93c3ba0499edc67ec28b6fea2dadd,decode_sanity,success,apktool,2.12.1,2026-06-12T09:10:46+00:00,2026-06-12T09:10:47+00:00,
9d21e7213377abb04cb3134999fd25dc5cae798f9549e605b82f50259507fdef,decode_sanity,success,apktool,2.12.1,2026-06-12T09:10:47+00:00,2026-06-12T09:10:47+00:00,
256b984de50e7d46d4457ebcbae98f1b1a500fed3ec75659d3834416f1cf68de,decode_sanity,success,apktool,2.12.1,2026-06-12T09:10:47+00:00,2026-06-12T09:10:48+00:00,
6fa7eba67dfd2922c5212040ffb93af73ee38e2371b2609fb670fd65e3aafc3c,decode_sanity,success,apktool,2.12.1,2026-06-12T09:10:48+00:00,2026-06-12T09:10:49+00:00,
000595c346096b92b073f3a7c055ffe466edcf3e51e017c280feab641e3d95d3,decode_sanity,success,apktool,2.12.1,2026-06-12T09:10:49+00:00,2026-06-12T09:10:50+00:00,
3f390b8c822ee9aacad4dc24cd0c40639fdc84d15b2c858377001aa207a8173a,decode_sanity,success,apktool,2.12.1,2026-06-12T09:10:50+00:00,2026-06-12T09:10:51+00:00,
000d753e7c480fa12d69fd826890683b786e4c344c52a193f1aabe07542d4efe,decode_sanity,success,apktool,2.12.1,2026-06-12T09:10:51+00:00,2026-06-12T09:10:51+00:00,
fd537396e99df3e67bd6fbfec3951098c14a78265c714e63d2562e1977953d3d,decode_sanity,success,apktool,2.12.1,2026-06-12T09:10:51+00:00,2026-06-12T09:10:52+00:00,
000ee4e31cccaddb3b9e301bd803ceed512b06f31d149c2e248545b49f4ee967,decode_sanity,success,apktool,2.12.1,2026-06-12T09:10:52+00:00,2026-06-12T09:10:53+00:00,
d73c16e1be06b4360ea13b1e25e2933bbc99ad5cb824b31b424a6ba09b3436ac,decode_sanity,success,apktool,2.12.1,2026-06-12T09:10:53+00:00,2026-06-12T09:10:53+00:00,
0046c61ae24745e6a74d02a2dcf07494fd0ce6755f0c9484b8225bf4df31def1,decode_sanity,success,apktool,2.12.1,2026-06-12T09:10:53+00:00,2026-06-12T09:10:54+00:00,
b333c3b395c4e42c5d33dcfd30b6d5ebc01cf4aa449ea79c09807c86b0702101,decode_sanity,success,apktool,2.12.1,2026-06-12T09:10:54+00:00,2026-06-12T09:10:56+00:00,
00602b9e81804905a6b7c0f1e066d0509da603b9d627a275b5e0d2fd52e6c260,decode_sanity,success,apktool,2.12.1,2026-06-12T09:10:56+00:00,2026-06-12T09:10:57+00:00,
2aef6c82b8843f097b49f64c04f6839c54dce0ff5b80b7d62758ec5caf6e3e35,decode_sanity,success,apktool,2.12.1,2026-06-12T09:10:57+00:00,2026-06-12T09:10:58+00:00,
0087ad70f86a434fdc035e0f7b41ad81f4f9d254cc799eb1fc7c6ea60282d947,decode_sanity,success,apktool,2.12.1,2026-06-12T09:10:58+00:00,2026-06-12T09:10:59+00:00,
a917ebf3f01513044faed8cc7146251849b1e679d557b5a07be3e4aa83a0d1a4,decode_sanity,success,apktool,2.12.1,2026-06-12T09:10:59+00:00,2026-06-12T09:11:01+00:00,
00fafd8dcdbd59ff035117ff1e19c8329a92ab797e452304fbe82aa9027acf24,decode_sanity,success,apktool,2.12.1,2026-06-12T09:11:01+00:00,2026-06-12T09:11:01+00:00,
857a078a0526def00650097bafc3e8aad51550561f1a914f886263a9ee96b897,decode_sanity,success,apktool,2.12.1,2026-06-12T09:11:01+00:00,2026-06-12T09:11:02+00:00,
015a06fe5119e8030c8521ecb742ef4bc638aa64b8c9f12969771f740ec5e151,decode_sanity,success,apktool,2.12.1,2026-06-12T09:11:02+00:00,2026-06-12T09:11:02+00:00,
3577ae9b0f3e4ac2d3ff37af458bbe1d2bdbfb799d64ff2fc4abb14818a5e2b8,decode_sanity,success,apktool,2.12.1,2026-06-12T09:11:02+00:00,2026-06-12T09:11:03+00:00,
0182f8e03306449f87c6c26204ca014cf79e180efb1560749be1bcbe4d49045c,decode_sanity,success,apktool,2.12.1,2026-06-12T09:11:03+00:00,2026-06-12T09:11:03+00:00,
7bf21599ab895e19998f2c52acd2743088a191416d74d1a37aa17b21554c7c41,decode_sanity,success,apktool,2.12.1,2026-06-12T09:11:03+00:00,2026-06-12T09:11:04+00:00,
01888a153046fd043b5c37189e2ad0060d10c0a27c5e11180f4941196fe9acfe,decode_sanity,success,apktool,2.12.1,2026-06-12T09:11:04+00:00,2026-06-12T09:11:04+00:00,
249c5562f5b544a28764d8261fea08e2e05a681e2f9ed1cee173cf121fc09778,decode_sanity,success,apktool,2.12.1,2026-06-12T09:11:04+00:00,2026-06-12T09:11:05+00:00,
0192987c9db717fa84e5b51d2fb31a17b42475fb6834f69c40fe407617dd1af9,decode_sanity,success,apktool,2.12.1,2026-06-12T09:11:05+00:00,2026-06-12T09:11:05+00:00,
00e9e9bcf24affd2d87c034752ed9f74496eebc464d021fa79d48321b2b76ee3,decode_sanity,success,apktool,2.12.1,2026-06-12T09:11:05+00:00,2026-06-12T09:11:06+00:00,
0197ddb5ea5c2af189bc51a441fa1b6c5467bd902bfdccfcacde725d56317541,decode_sanity,success,apktool,2.12.1,2026-06-12T09:11:06+00:00,2026-06-12T09:11:07+00:00,
675852fd53756d069153df837e2d1f002d3571d9bbc42982c2da84b7bd005cb3,decode_sanity,success,apktool,2.12.1,2026-06-12T09:11:07+00:00,2026-06-12T09:11:07+00:00,
019a8a0d6916011c67c8bb7eae39778fb82168e47b6b0bc9efd2b24e6b27ce13,decode_sanity,success,apktool,2.12.1,2026-06-12T09:11:07+00:00,2026-06-12T09:11:08+00:00,
195c46b03b3bb42408aaf604ad9375e0efde1ccbadfee23acf20009515f876c4,decode_sanity,success,apktool,2.12.1,2026-06-12T09:11:08+00:00,2026-06-12T09:11:08+00:00,
01a81f0196554fc91315263b15ad65b4ca2ac08be2562c219fc87caec1ab564e,decode_sanity,success,apktool,2.12.1,2026-06-12T09:11:08+00:00,2026-06-12T09:11:09+00:00,
4badd2eca2808520c943899c31bf0e2f271dbd34a9b5d4c9e4cf5796336644f5,decode_sanity,success,apktool,2.12.1,2026-06-12T09:11:09+00:00,2026-06-12T09:11:09+00:00,
01c6299941a04734370854fb928a326f659709ff4c663799025515bdd8407e08,decode_sanity,success,apktool,2.12.1,2026-06-12T09:11:09+00:00,2026-06-12T09:11:10+00:00,
052ac8459faba929a899d7abfa6564466a2abb2649e9a0754cda6e672f71f207,decode_sanity,success,apktool,2.12.1,2026-06-12T09:11:10+00:00,2026-06-12T09:11:11+00:00,
01c65038bbc68ce7948c6896bbb554edb5bd3eb8d2ccb9e4d2031fe831e0c427,decode_sanity,success,apktool,2.12.1,2026-06-12T09:11:11+00:00,2026-06-12T09:11:12+00:00,
0f13ee3c7cabe5c1ec33b0d7215e8b3f0f436d8485ba69722f46b91a6e541503,decode_sanity,success,apktool,2.12.1,2026-06-12T09:11:12+00:00,2026-06-12T09:11:12+00:00,
01e1fe9ba4a822eaca97c06c3dc1bacd331d85539da35962c6777390d6434c94,decode_sanity,success,apktool,2.12.1,2026-06-12T09:11:12+00:00,2026-06-12T09:11:13+00:00,
a636e3f61c3ec74bd7febb531fc5c83c6acc14244d2c3a5591e7570e4c9a0abf,decode_sanity,success,apktool,2.12.1,2026-06-12T09:11:13+00:00,2026-06-12T09:11:14+00:00,
000595c346096b92b073f3a7c055ffe466edcf3e51e017c280feab641e3d95d3,feature_extraction_smoke,success,feature_extraction_smoke,v1,2026-06-12T09:11:20+00:00,2026-06-12T09:11:22+00:00,
000d753e7c480fa12d69fd826890683b786e4c344c52a193f1aabe07542d4efe,feature_extraction_smoke,success,feature_extraction_smoke,v1,2026-06-12T09:11:20+00:00,2026-06-12T09:11:22+00:00,
000ee4e31cccaddb3b9e301bd803ceed512b06f31d149c2e248545b49f4ee967,feature_extraction_smoke,success,feature_extraction_smoke,v1,2026-06-12T09:11:20+00:00,2026-06-12T09:11:22+00:00,
0046c61ae24745e6a74d02a2dcf07494fd0ce6755f0c9484b8225bf4df31def1,feature_extraction_smoke,success,feature_extraction_smoke,v1,2026-06-12T09:11:20+00:00,2026-06-12T09:11:22+00:00,
00602b9e81804905a6b7c0f1e066d0509da603b9d627a275b5e0d2fd52e6c260,feature_extraction_smoke,success,feature_extraction_smoke,v1,2026-06-12T09:11:20+00:00,2026-06-12T09:11:22+00:00,
0087ad70f86a434fdc035e0f7b41ad81f4f9d254cc799eb1fc7c6ea60282d947,feature_extraction_smoke,success,feature_extraction_smoke,v1,2026-06-12T09:11:20+00:00,2026-06-12T09:11:22+00:00,
00e9e9bcf24affd2d87c034752ed9f74496eebc464d021fa79d48321b2b76ee3,feature_extraction_smoke,success,feature_extraction_smoke,v1,2026-06-12T09:11:20+00:00,2026-06-12T09:11:22+00:00,
00fafd8dcdbd59ff035117ff1e19c8329a92ab797e452304fbe82aa9027acf24,feature_extraction_smoke,success,feature_extraction_smoke,v1,2026-06-12T09:11:20+00:00,2026-06-12T09:11:22+00:00,
01195c7318fb8effa28db5e32c46599c30c18b8743781c30470ade92d83caea5,feature_extraction_smoke,success,feature_extraction_smoke,v1,2026-06-12T09:11:20+00:00,2026-06-12T09:11:22+00:00,
015a06fe5119e8030c8521ecb742ef4bc638aa64b8c9f12969771f740ec5e151,feature_extraction_smoke,success,feature_extraction_smoke,v1,2026-06-12T09:11:20+00:00,2026-06-12T09:11:22+00:00,
0182f8e03306449f87c6c26204ca014cf79e180efb1560749be1bcbe4d49045c,feature_extraction_smoke,success,feature_extraction_smoke,v1,2026-06-12T09:11:20+00:00,2026-06-12T09:11:22+00:00,
01888a153046fd043b5c37189e2ad0060d10c0a27c5e11180f4941196fe9acfe,feature_extraction_smoke,success,feature_extraction_smoke,v1,2026-06-12T09:11:20+00:00,2026-06-12T09:11:22+00:00,
0192987c9db717fa84e5b51d2fb31a17b42475fb6834f69c40fe407617dd1af9,feature_extraction_smoke,success,feature_extraction_smoke,v1,2026-06-12T09:11:20+00:00,2026-06-12T09:11:22+00:00,
0197ddb5ea5c2af189bc51a441fa1b6c5467bd902bfdccfcacde725d56317541,feature_extraction_smoke,success,feature_extraction_smoke,v1,2026-06-12T09:11:20+00:00,2026-06-12T09:11:22+00:00,
019a8a0d6916011c67c8bb7eae39778fb82168e47b6b0bc9efd2b24e6b27ce13,feature_extraction_smoke,success,feature_extraction_smoke,v1,2026-06-12T09:11:20+00:00,2026-06-12T09:11:22+00:00,
01a81f0196554fc91315263b15ad65b4ca2ac08be2562c219fc87caec1ab564e,feature_extraction_smoke,success,feature_extraction_smoke,v1,2026-06-12T09:11:20+00:00,2026-06-12T09:11:22+00:00,
01c6299941a04734370854fb928a326f659709ff4c663799025515bdd8407e08,feature_extraction_smoke,success,feature_extraction_smoke,v1,2026-06-12T09:11:20+00:00,2026-06-12T09:11:22+00:00,
01c65038bbc68ce7948c6896bbb554edb5bd3eb8d2ccb9e4d2031fe831e0c427,feature_extraction_smoke,success,feature_extraction_smoke,v1,2026-06-12T09:11:20+00:00,2026-06-12T09:11:22+00:00,
01e1fe9ba4a822eaca97c06c3dc1bacd331d85539da35962c6777390d6434c94,feature_extraction_smoke,success,feature_extraction_smoke,v1,2026-06-12T09:11:20+00:00,2026-06-12T09:11:22+00:00,
04d61cf71bcd9e9ff83d35fa86c82cb0e4d1476c39cb1a87217e7d4dfa4b71af,feature_extraction_smoke,success,feature_extraction_smoke,v1,2026-06-12T09:11:20+00:00,2026-06-12T09:11:22+00:00,
052ac8459faba929a899d7abfa6564466a2abb2649e9a0754cda6e672f71f207,feature_extraction_smoke,success,feature_extraction_smoke,v1,2026-06-12T09:11:20+00:00,2026-06-12T09:11:22+00:00,
05667ddf242b81000b2d29946a63c1113162c8c72ff13b82464c123da26c64a3,feature_extraction_smoke,success,feature_extraction_smoke,v1,2026-06-12T09:11:20+00:00,2026-06-12T09:11:22+00:00,
083e11ab8280522404d62963b6118de52d81333d8640c876244687fd1fec065d,feature_extraction_smoke,success,feature_extraction_smoke,v1,2026-06-12T09:11:20+00:00,2026-06-12T09:11:22+00:00,
0f13ee3c7cabe5c1ec33b0d7215e8b3f0f436d8485ba69722f46b91a6e541503,feature_extraction_smoke,success,feature_extraction_smoke,v1,2026-06-12T09:11:20+00:00,2026-06-12T09:11:22+00:00,
10eda742fb707dc442217d942923eafa7140e83c4c2c04f477a8ea5368285fe5,feature_extraction_smoke,success,feature_extraction_smoke,v1,2026-06-12T09:11:20+00:00,2026-06-12T09:11:22+00:00,
195c46b03b3bb42408aaf604ad9375e0efde1ccbadfee23acf20009515f876c4,feature_extraction_smoke,success,feature_extraction_smoke,v1,2026-06-12T09:11:20+00:00,2026-06-12T09:11:22+00:00,
228e4844ebbea413fbd16b17ba09e96ebdf93c3ba0499edc67ec28b6fea2dadd,feature_extraction_smoke,success,feature_extraction_smoke,v1,2026-06-12T09:11:20+00:00,2026-06-12T09:11:22+00:00,
249c5562f5b544a28764d8261fea08e2e05a681e2f9ed1cee173cf121fc09778,feature_extraction_smoke,success,feature_extraction_smoke,v1,2026-06-12T09:11:20+00:00,2026-06-12T09:11:22+00:00,
256b984de50e7d46d4457ebcbae98f1b1a500fed3ec75659d3834416f1cf68de,feature_extraction_smoke,success,feature_extraction_smoke,v1,2026-06-12T09:11:20+00:00,2026-06-12T09:11:22+00:00,
2aef6c82b8843f097b49f64c04f6839c54dce0ff5b80b7d62758ec5caf6e3e35,feature_extraction_smoke,success,feature_extraction_smoke,v1,2026-06-12T09:11:20+00:00,2026-06-12T09:11:22+00:00,
3577ae9b0f3e4ac2d3ff37af458bbe1d2bdbfb799d64ff2fc4abb14818a5e2b8,feature_extraction_smoke,success,feature_extraction_smoke,v1,2026-06-12T09:11:20+00:00,2026-06-12T09:11:22+00:00,
3f390b8c822ee9aacad4dc24cd0c40639fdc84d15b2c858377001aa207a8173a,feature_extraction_smoke,success,feature_extraction_smoke,v1,2026-06-12T09:11:20+00:00,2026-06-12T09:11:22+00:00,
3ff73591ab3c0bd3d8271a3f5b5643154f3e4d6dff7203fbfff052aea71bb9b1,feature_extraction_smoke,success,feature_extraction_smoke,v1,2026-06-12T09:11:20+00:00,2026-06-12T09:11:22+00:00,
4badd2eca2808520c943899c31bf0e2f271dbd34a9b5d4c9e4cf5796336644f5,feature_extraction_smoke,success,feature_extraction_smoke,v1,2026-06-12T09:11:20+00:00,2026-06-12T09:11:22+00:00,
675852fd53756d069153df837e2d1f002d3571d9bbc42982c2da84b7bd005cb3,feature_extraction_smoke,success,feature_extraction_smoke,v1,2026-06-12T09:11:20+00:00,2026-06-12T09:11:22+00:00,
6fa7eba67dfd2922c5212040ffb93af73ee38e2371b2609fb670fd65e3aafc3c,feature_extraction_smoke,success,feature_extraction_smoke,v1,2026-06-12T09:11:20+00:00,2026-06-12T09:11:22+00:00,
7bf21599ab895e19998f2c52acd2743088a191416d74d1a37aa17b21554c7c41,feature_extraction_smoke,success,feature_extraction_smoke,v1,2026-06-12T09:11:20+00:00,2026-06-12T09:11:22+00:00,
857a078a0526def00650097bafc3e8aad51550561f1a914f886263a9ee96b897,feature_extraction_smoke,success,feature_extraction_smoke,v1,2026-06-12T09:11:20+00:00,2026-06-12T09:11:22+00:00,
9d21e7213377abb04cb3134999fd25dc5cae798f9549e605b82f50259507fdef,feature_extraction_smoke,success,feature_extraction_smoke,v1,2026-06-12T09:11:20+00:00,2026-06-12T09:11:22+00:00,
a636e3f61c3ec74bd7febb531fc5c83c6acc14244d2c3a5591e7570e4c9a0abf,feature_extraction_smoke,success,feature_extraction_smoke,v1,2026-06-12T09:11:20+00:00,2026-06-12T09:11:22+00:00,
a917ebf3f01513044faed8cc7146251849b1e679d557b5a07be3e4aa83a0d1a4,feature_extraction_smoke,success,feature_extraction_smoke,v1,2026-06-12T09:11:20+00:00,2026-06-12T09:11:22+00:00,
b333c3b395c4e42c5d33dcfd30b6d5ebc01cf4aa449ea79c09807c86b0702101,feature_extraction_smoke,success,feature_extraction_smoke,v1,2026-06-12T09:11:20+00:00,2026-06-12T09:11:22+00:00,
c9f77f0849974a41d6a35cb00e2a4274b4d4a3a5435a1a7ceac645dc32805a03,feature_extraction_smoke,success,feature_extraction_smoke,v1,2026-06-12T09:11:20+00:00,2026-06-12T09:11:22+00:00,
ccea2daaee5d9ef65876b8b1e7aed79454cd7e501f291ed2aca0e4973ff1075f,feature_extraction_smoke,success,feature_extraction_smoke,v1,2026-06-12T09:11:20+00:00,2026-06-12T09:11:22+00:00,
d548502f86d440d9e27145d3ef9e351f04e1d96284e7dbdeae9a886f26366c54,feature_extraction_smoke,success,feature_extraction_smoke,v1,2026-06-12T09:11:20+00:00,2026-06-12T09:11:22+00:00,
d5c2a31bd95fc4d602b00dfc239d86c7e7160efb334968f0dcf7972641c7c504,feature_extraction_smoke,success,feature_extraction_smoke,v1,2026-06-12T09:11:20+00:00,2026-06-12T09:11:22+00:00,
d73c16e1be06b4360ea13b1e25e2933bbc99ad5cb824b31b424a6ba09b3436ac,feature_extraction_smoke,success,feature_extraction_smoke,v1,2026-06-12T09:11:20+00:00,2026-06-12T09:11:22+00:00,
fd537396e99df3e67bd6fbfec3951098c14a78265c714e63d2562e1977953d3d,feature_extraction_smoke,success,feature_extraction_smoke,v1,2026-06-12T09:11:20+00:00,2026-06-12T09:11:22+00:00,
