coordinate,class_code,class_name,scenario_code,scenario_name,maturity,canonical_item_kind,canonical_index,seed_pair_id,label,label_confidence,ground_truth_kind,data_quality,left_sha256,right_sha256,left_apk_ref,right_apk_ref,source_kind,source_ref,expected_change,expected_invariants,reuse_group,independence_unit,claim_scope
DC-C01-S01-M0,C01,repack,S01,pair_similarity,M0,apk_pair,1,M0-C01-RP-001,positive_repack,strong,external_pair_label,stable_cache_decoded_and_features_extracted,01195c7318fb8effa28db5e32c46599c30c18b8743781c30470ade92d83caea5,d548502f86d440d9e27145d3ef9e351f04e1d96284e7dbdeae9a886f26366c54,,,external_label_sha_pair,AZ-PILOT-001:pairs.csv,signature/container and possible code/resource changes under same lineage,same lineage should remain similar; technical failures are not low similarity,az-repack-AZP-RP-0001,az-repack-01195c7318fb8effa28db5e32c46599c30c18b8743781c30470ade92d83caea5,M0 materialization and technical checks only; quality claims require M1+ split.
DC-C01-S01-M0,C01,repack,S01,pair_similarity,M0,apk_pair,2,M0-C01-RP-002,positive_repack,strong,external_pair_label,stable_cache_decoded_and_features_extracted,04d61cf71bcd9e9ff83d35fa86c82cb0e4d1476c39cb1a87217e7d4dfa4b71af,d5c2a31bd95fc4d602b00dfc239d86c7e7160efb334968f0dcf7972641c7c504,,,external_label_sha_pair,AZ-PILOT-001:pairs.csv,signature/container and possible code/resource changes under same lineage,same lineage should remain similar; technical failures are not low similarity,az-repack-AZP-RP-0002,az-repack-04d61cf71bcd9e9ff83d35fa86c82cb0e4d1476c39cb1a87217e7d4dfa4b71af,M0 materialization and technical checks only; quality claims require M1+ split.
DC-C01-S02-M0,C01,repack,S02,candidate_retrieval,M0,apk_pair,1,M0-C01-RP-001,positive_repack,strong,external_pair_label,stable_cache_decoded_and_features_extracted,01195c7318fb8effa28db5e32c46599c30c18b8743781c30470ade92d83caea5,d548502f86d440d9e27145d3ef9e351f04e1d96284e7dbdeae9a886f26366c54,,,external_label_sha_pair,AZ-PILOT-001:pairs.csv,signature/container and possible code/resource changes under same lineage,same lineage should remain similar; technical failures are not low similarity,az-repack-AZP-RP-0001,az-repack-01195c7318fb8effa28db5e32c46599c30c18b8743781c30470ade92d83caea5,M0 materialization and technical checks only; quality claims require M1+ split.
DC-C01-S02-M0,C01,repack,S02,candidate_retrieval,M0,apk_pair,2,M0-C01-RP-002,positive_repack,strong,external_pair_label,stable_cache_decoded_and_features_extracted,04d61cf71bcd9e9ff83d35fa86c82cb0e4d1476c39cb1a87217e7d4dfa4b71af,d5c2a31bd95fc4d602b00dfc239d86c7e7160efb334968f0dcf7972641c7c504,,,external_label_sha_pair,AZ-PILOT-001:pairs.csv,signature/container and possible code/resource changes under same lineage,same lineage should remain similar; technical failures are not low similarity,az-repack-AZP-RP-0002,az-repack-04d61cf71bcd9e9ff83d35fa86c82cb0e4d1476c39cb1a87217e7d4dfa4b71af,M0 materialization and technical checks only; quality claims require M1+ split.
DC-C01-S03-M0,C01,repack,S03,screening_cost,M0,apk_pair,1,M0-C01-RP-001,positive_repack,strong,external_pair_label,stable_cache_decoded_and_features_extracted,01195c7318fb8effa28db5e32c46599c30c18b8743781c30470ade92d83caea5,d548502f86d440d9e27145d3ef9e351f04e1d96284e7dbdeae9a886f26366c54,,,external_label_sha_pair,AZ-PILOT-001:pairs.csv,signature/container and possible code/resource changes under same lineage,same lineage should remain similar; technical failures are not low similarity,az-repack-AZP-RP-0001,az-repack-01195c7318fb8effa28db5e32c46599c30c18b8743781c30470ade92d83caea5,M0 materialization and technical checks only; quality claims require M1+ split.
DC-C01-S03-M0,C01,repack,S03,screening_cost,M0,apk_pair,2,M0-C01-RP-002,positive_repack,strong,external_pair_label,stable_cache_decoded_and_features_extracted,04d61cf71bcd9e9ff83d35fa86c82cb0e4d1476c39cb1a87217e7d4dfa4b71af,d5c2a31bd95fc4d602b00dfc239d86c7e7160efb334968f0dcf7972641c7c504,,,external_label_sha_pair,AZ-PILOT-001:pairs.csv,signature/container and possible code/resource changes under same lineage,same lineage should remain similar; technical failures are not low similarity,az-repack-AZP-RP-0002,az-repack-04d61cf71bcd9e9ff83d35fa86c82cb0e4d1476c39cb1a87217e7d4dfa4b71af,M0 materialization and technical checks only; quality claims require M1+ split.
DC-C01-S04-M0,C01,repack,S04,deep_cost,M0,apk_pair,1,M0-C01-RP-001,positive_repack,strong,external_pair_label,stable_cache_decoded_and_features_extracted,01195c7318fb8effa28db5e32c46599c30c18b8743781c30470ade92d83caea5,d548502f86d440d9e27145d3ef9e351f04e1d96284e7dbdeae9a886f26366c54,,,external_label_sha_pair,AZ-PILOT-001:pairs.csv,signature/container and possible code/resource changes under same lineage,same lineage should remain similar; technical failures are not low similarity,az-repack-AZP-RP-0001,az-repack-01195c7318fb8effa28db5e32c46599c30c18b8743781c30470ade92d83caea5,M0 materialization and technical checks only; quality claims require M1+ split.
DC-C01-S04-M0,C01,repack,S04,deep_cost,M0,apk_pair,2,M0-C01-RP-002,positive_repack,strong,external_pair_label,stable_cache_decoded_and_features_extracted,04d61cf71bcd9e9ff83d35fa86c82cb0e4d1476c39cb1a87217e7d4dfa4b71af,d5c2a31bd95fc4d602b00dfc239d86c7e7160efb334968f0dcf7972641c7c504,,,external_label_sha_pair,AZ-PILOT-001:pairs.csv,signature/container and possible code/resource changes under same lineage,same lineage should remain similar; technical failures are not low similarity,az-repack-AZP-RP-0002,az-repack-04d61cf71bcd9e9ff83d35fa86c82cb0e4d1476c39cb1a87217e7d4dfa4b71af,M0 materialization and technical checks only; quality claims require M1+ split.
DC-C01-S05-M0,C01,repack,S05,explanation_quality,M0,apk_pair,1,M0-C01-RP-001,positive_repack,strong,external_pair_label,stable_cache_decoded_and_features_extracted,01195c7318fb8effa28db5e32c46599c30c18b8743781c30470ade92d83caea5,d548502f86d440d9e27145d3ef9e351f04e1d96284e7dbdeae9a886f26366c54,,,external_label_sha_pair,AZ-PILOT-001:pairs.csv,signature/container and possible code/resource changes under same lineage,same lineage should remain similar; technical failures are not low similarity,az-repack-AZP-RP-0001,az-repack-01195c7318fb8effa28db5e32c46599c30c18b8743781c30470ade92d83caea5,M0 materialization and technical checks only; quality claims require M1+ split.
DC-C01-S05-M0,C01,repack,S05,explanation_quality,M0,apk_pair,2,M0-C01-RP-002,positive_repack,strong,external_pair_label,stable_cache_decoded_and_features_extracted,04d61cf71bcd9e9ff83d35fa86c82cb0e4d1476c39cb1a87217e7d4dfa4b71af,d5c2a31bd95fc4d602b00dfc239d86c7e7160efb334968f0dcf7972641c7c504,,,external_label_sha_pair,AZ-PILOT-001:pairs.csv,signature/container and possible code/resource changes under same lineage,same lineage should remain similar; technical failures are not low similarity,az-repack-AZP-RP-0002,az-repack-04d61cf71bcd9e9ff83d35fa86c82cb0e4d1476c39cb1a87217e7d4dfa4b71af,M0 materialization and technical checks only; quality claims require M1+ split.
DC-C02-S01-M0,C02,library_injection,S01,pair_similarity,M0,apk_pair,1,M0-C02-LIB-APK-001,positive_library_injection,strong,controlled_generated_transformation,generated_local_verified,41f77e16e8da344d7a89dd070e132567f1df427189b58cd90d7405d2d65eb62d,9b7e49a16e02535735e71b863b3910300686c8a0e8ed1f2e923fc5ff8f85ac06,m0/generated-apks/M0-C02-LIB-APK-001/left.apk,m0/generated-apks/M0-C02-LIB-APK-001/right.apk,controlled_generated_apk_pair,M0-CONTROLLED-GENERATED:materializer,new synthetic library-like package com.phd.m0.syntheticlib.* added,manifest package and base app classes stay unchanged,m0-controlled-familya,m0-controlled-familya,M0 technical and diagnostic use only; synthetic pair is not real-world quality evidence.
DC-C02-S01-M0,C02,library_injection,S01,pair_similarity,M0,apk_pair,2,M0-C02-LIB-APK-002,positive_library_injection,strong,controlled_generated_transformation,generated_local_verified,bb78b8453a5db6060ba428e33e724685c85880ddfd2d935673bb9bbae7c11ca2,3d573d996e632d1554247282b471ccfe77b3c4bfeffafb9caadf2ef4090a7468,m0/generated-apks/M0-C02-LIB-APK-002/left.apk,m0/generated-apks/M0-C02-LIB-APK-002/right.apk,controlled_generated_apk_pair,M0-CONTROLLED-GENERATED:materializer,new synthetic library-like package com.phd.m0.syntheticlib.* added,manifest package and base app classes stay unchanged,m0-controlled-familyb,m0-controlled-familyb,M0 technical and diagnostic use only; synthetic pair is not real-world quality evidence.
DC-C02-S02-M0,C02,library_injection,S02,candidate_retrieval,M0,apk_pair,1,M0-C02-LIB-APK-001,positive_library_injection,strong,controlled_generated_transformation,generated_local_verified,41f77e16e8da344d7a89dd070e132567f1df427189b58cd90d7405d2d65eb62d,9b7e49a16e02535735e71b863b3910300686c8a0e8ed1f2e923fc5ff8f85ac06,m0/generated-apks/M0-C02-LIB-APK-001/left.apk,m0/generated-apks/M0-C02-LIB-APK-001/right.apk,controlled_generated_apk_pair,M0-CONTROLLED-GENERATED:materializer,new synthetic library-like package com.phd.m0.syntheticlib.* added,manifest package and base app classes stay unchanged,m0-controlled-familya,m0-controlled-familya,M0 technical and diagnostic use only; synthetic pair is not real-world quality evidence.
DC-C02-S02-M0,C02,library_injection,S02,candidate_retrieval,M0,apk_pair,2,M0-C02-LIB-APK-002,positive_library_injection,strong,controlled_generated_transformation,generated_local_verified,bb78b8453a5db6060ba428e33e724685c85880ddfd2d935673bb9bbae7c11ca2,3d573d996e632d1554247282b471ccfe77b3c4bfeffafb9caadf2ef4090a7468,m0/generated-apks/M0-C02-LIB-APK-002/left.apk,m0/generated-apks/M0-C02-LIB-APK-002/right.apk,controlled_generated_apk_pair,M0-CONTROLLED-GENERATED:materializer,new synthetic library-like package com.phd.m0.syntheticlib.* added,manifest package and base app classes stay unchanged,m0-controlled-familyb,m0-controlled-familyb,M0 technical and diagnostic use only; synthetic pair is not real-world quality evidence.
DC-C02-S03-M0,C02,library_injection,S03,screening_cost,M0,apk_pair,1,M0-C02-LIB-APK-001,positive_library_injection,strong,controlled_generated_transformation,generated_local_verified,41f77e16e8da344d7a89dd070e132567f1df427189b58cd90d7405d2d65eb62d,9b7e49a16e02535735e71b863b3910300686c8a0e8ed1f2e923fc5ff8f85ac06,m0/generated-apks/M0-C02-LIB-APK-001/left.apk,m0/generated-apks/M0-C02-LIB-APK-001/right.apk,controlled_generated_apk_pair,M0-CONTROLLED-GENERATED:materializer,new synthetic library-like package com.phd.m0.syntheticlib.* added,manifest package and base app classes stay unchanged,m0-controlled-familya,m0-controlled-familya,M0 technical and diagnostic use only; synthetic pair is not real-world quality evidence.
DC-C02-S03-M0,C02,library_injection,S03,screening_cost,M0,apk_pair,2,M0-C02-LIB-APK-002,positive_library_injection,strong,controlled_generated_transformation,generated_local_verified,bb78b8453a5db6060ba428e33e724685c85880ddfd2d935673bb9bbae7c11ca2,3d573d996e632d1554247282b471ccfe77b3c4bfeffafb9caadf2ef4090a7468,m0/generated-apks/M0-C02-LIB-APK-002/left.apk,m0/generated-apks/M0-C02-LIB-APK-002/right.apk,controlled_generated_apk_pair,M0-CONTROLLED-GENERATED:materializer,new synthetic library-like package com.phd.m0.syntheticlib.* added,manifest package and base app classes stay unchanged,m0-controlled-familyb,m0-controlled-familyb,M0 technical and diagnostic use only; synthetic pair is not real-world quality evidence.
DC-C02-S04-M0,C02,library_injection,S04,deep_cost,M0,apk_pair,1,M0-C02-LIB-APK-001,positive_library_injection,strong,controlled_generated_transformation,generated_local_verified,41f77e16e8da344d7a89dd070e132567f1df427189b58cd90d7405d2d65eb62d,9b7e49a16e02535735e71b863b3910300686c8a0e8ed1f2e923fc5ff8f85ac06,m0/generated-apks/M0-C02-LIB-APK-001/left.apk,m0/generated-apks/M0-C02-LIB-APK-001/right.apk,controlled_generated_apk_pair,M0-CONTROLLED-GENERATED:materializer,new synthetic library-like package com.phd.m0.syntheticlib.* added,manifest package and base app classes stay unchanged,m0-controlled-familya,m0-controlled-familya,M0 technical and diagnostic use only; synthetic pair is not real-world quality evidence.
DC-C02-S04-M0,C02,library_injection,S04,deep_cost,M0,apk_pair,2,M0-C02-LIB-APK-002,positive_library_injection,strong,controlled_generated_transformation,generated_local_verified,bb78b8453a5db6060ba428e33e724685c85880ddfd2d935673bb9bbae7c11ca2,3d573d996e632d1554247282b471ccfe77b3c4bfeffafb9caadf2ef4090a7468,m0/generated-apks/M0-C02-LIB-APK-002/left.apk,m0/generated-apks/M0-C02-LIB-APK-002/right.apk,controlled_generated_apk_pair,M0-CONTROLLED-GENERATED:materializer,new synthetic library-like package com.phd.m0.syntheticlib.* added,manifest package and base app classes stay unchanged,m0-controlled-familyb,m0-controlled-familyb,M0 technical and diagnostic use only; synthetic pair is not real-world quality evidence.
DC-C02-S05-M0,C02,library_injection,S05,explanation_quality,M0,apk_pair,1,M0-C02-LIB-APK-001,positive_library_injection,strong,controlled_generated_transformation,generated_local_verified,41f77e16e8da344d7a89dd070e132567f1df427189b58cd90d7405d2d65eb62d,9b7e49a16e02535735e71b863b3910300686c8a0e8ed1f2e923fc5ff8f85ac06,m0/generated-apks/M0-C02-LIB-APK-001/left.apk,m0/generated-apks/M0-C02-LIB-APK-001/right.apk,controlled_generated_apk_pair,M0-CONTROLLED-GENERATED:materializer,new synthetic library-like package com.phd.m0.syntheticlib.* added,manifest package and base app classes stay unchanged,m0-controlled-familya,m0-controlled-familya,M0 technical and diagnostic use only; synthetic pair is not real-world quality evidence.
DC-C02-S05-M0,C02,library_injection,S05,explanation_quality,M0,apk_pair,2,M0-C02-LIB-APK-002,positive_library_injection,strong,controlled_generated_transformation,generated_local_verified,bb78b8453a5db6060ba428e33e724685c85880ddfd2d935673bb9bbae7c11ca2,3d573d996e632d1554247282b471ccfe77b3c4bfeffafb9caadf2ef4090a7468,m0/generated-apks/M0-C02-LIB-APK-002/left.apk,m0/generated-apks/M0-C02-LIB-APK-002/right.apk,controlled_generated_apk_pair,M0-CONTROLLED-GENERATED:materializer,new synthetic library-like package com.phd.m0.syntheticlib.* added,manifest package and base app classes stay unchanged,m0-controlled-familyb,m0-controlled-familyb,M0 technical and diagnostic use only; synthetic pair is not real-world quality evidence.
DC-C03-S01-M0,C03,resource_change,S01,pair_similarity,M0,apk_pair,1,M0-C03-RES-APK-001,positive_resource_change,strong,controlled_generated_transformation,generated_local_verified,1441d2dcb6cc02efc44145360041caa06535623c663f049cf9d81bd452efc2cf,311d20d49566e4eb754f9056a7a853fa0a57742768a6dd388b76d793061246cf,m0/generated-apks/M0-C03-RES-APK-001/left.apk,m0/generated-apks/M0-C03-RES-APK-001/right.apk,controlled_generated_apk_pair,M0-CONTROLLED-GENERATED:materializer,string resource changed and res/raw/m0_resource_marker.txt added,dex class set stays unchanged,m0-controlled-familya,m0-controlled-familya,M0 technical and diagnostic use only; synthetic pair is not real-world quality evidence.
DC-C03-S01-M0,C03,resource_change,S01,pair_similarity,M0,apk_pair,2,M0-C03-RES-APK-002,positive_resource_change,strong,controlled_generated_transformation,generated_local_verified,d862ea4103a9c3d21c54fe1e716b9216064a0f264ceee65f22fbaac5fe8ee9a2,e3d131e8225879141773646b2e748df7b924bf8c4b1f6e79a8f466679aaa07b6,m0/generated-apks/M0-C03-RES-APK-002/left.apk,m0/generated-apks/M0-C03-RES-APK-002/right.apk,controlled_generated_apk_pair,M0-CONTROLLED-GENERATED:materializer,string resource changed and res/raw/m0_resource_marker.txt added,dex class set stays unchanged,m0-controlled-familyb,m0-controlled-familyb,M0 technical and diagnostic use only; synthetic pair is not real-world quality evidence.
DC-C03-S02-M0,C03,resource_change,S02,candidate_retrieval,M0,apk_pair,1,M0-C03-RES-APK-001,positive_resource_change,strong,controlled_generated_transformation,generated_local_verified,1441d2dcb6cc02efc44145360041caa06535623c663f049cf9d81bd452efc2cf,311d20d49566e4eb754f9056a7a853fa0a57742768a6dd388b76d793061246cf,m0/generated-apks/M0-C03-RES-APK-001/left.apk,m0/generated-apks/M0-C03-RES-APK-001/right.apk,controlled_generated_apk_pair,M0-CONTROLLED-GENERATED:materializer,string resource changed and res/raw/m0_resource_marker.txt added,dex class set stays unchanged,m0-controlled-familya,m0-controlled-familya,M0 technical and diagnostic use only; synthetic pair is not real-world quality evidence.
DC-C03-S02-M0,C03,resource_change,S02,candidate_retrieval,M0,apk_pair,2,M0-C03-RES-APK-002,positive_resource_change,strong,controlled_generated_transformation,generated_local_verified,d862ea4103a9c3d21c54fe1e716b9216064a0f264ceee65f22fbaac5fe8ee9a2,e3d131e8225879141773646b2e748df7b924bf8c4b1f6e79a8f466679aaa07b6,m0/generated-apks/M0-C03-RES-APK-002/left.apk,m0/generated-apks/M0-C03-RES-APK-002/right.apk,controlled_generated_apk_pair,M0-CONTROLLED-GENERATED:materializer,string resource changed and res/raw/m0_resource_marker.txt added,dex class set stays unchanged,m0-controlled-familyb,m0-controlled-familyb,M0 technical and diagnostic use only; synthetic pair is not real-world quality evidence.
DC-C03-S03-M0,C03,resource_change,S03,screening_cost,M0,apk_pair,1,M0-C03-RES-APK-001,positive_resource_change,strong,controlled_generated_transformation,generated_local_verified,1441d2dcb6cc02efc44145360041caa06535623c663f049cf9d81bd452efc2cf,311d20d49566e4eb754f9056a7a853fa0a57742768a6dd388b76d793061246cf,m0/generated-apks/M0-C03-RES-APK-001/left.apk,m0/generated-apks/M0-C03-RES-APK-001/right.apk,controlled_generated_apk_pair,M0-CONTROLLED-GENERATED:materializer,string resource changed and res/raw/m0_resource_marker.txt added,dex class set stays unchanged,m0-controlled-familya,m0-controlled-familya,M0 technical and diagnostic use only; synthetic pair is not real-world quality evidence.
DC-C03-S03-M0,C03,resource_change,S03,screening_cost,M0,apk_pair,2,M0-C03-RES-APK-002,positive_resource_change,strong,controlled_generated_transformation,generated_local_verified,d862ea4103a9c3d21c54fe1e716b9216064a0f264ceee65f22fbaac5fe8ee9a2,e3d131e8225879141773646b2e748df7b924bf8c4b1f6e79a8f466679aaa07b6,m0/generated-apks/M0-C03-RES-APK-002/left.apk,m0/generated-apks/M0-C03-RES-APK-002/right.apk,controlled_generated_apk_pair,M0-CONTROLLED-GENERATED:materializer,string resource changed and res/raw/m0_resource_marker.txt added,dex class set stays unchanged,m0-controlled-familyb,m0-controlled-familyb,M0 technical and diagnostic use only; synthetic pair is not real-world quality evidence.
DC-C03-S04-M0,C03,resource_change,S04,deep_cost,M0,apk_pair,1,M0-C03-RES-APK-001,positive_resource_change,strong,controlled_generated_transformation,generated_local_verified,1441d2dcb6cc02efc44145360041caa06535623c663f049cf9d81bd452efc2cf,311d20d49566e4eb754f9056a7a853fa0a57742768a6dd388b76d793061246cf,m0/generated-apks/M0-C03-RES-APK-001/left.apk,m0/generated-apks/M0-C03-RES-APK-001/right.apk,controlled_generated_apk_pair,M0-CONTROLLED-GENERATED:materializer,string resource changed and res/raw/m0_resource_marker.txt added,dex class set stays unchanged,m0-controlled-familya,m0-controlled-familya,M0 technical and diagnostic use only; synthetic pair is not real-world quality evidence.
DC-C03-S04-M0,C03,resource_change,S04,deep_cost,M0,apk_pair,2,M0-C03-RES-APK-002,positive_resource_change,strong,controlled_generated_transformation,generated_local_verified,d862ea4103a9c3d21c54fe1e716b9216064a0f264ceee65f22fbaac5fe8ee9a2,e3d131e8225879141773646b2e748df7b924bf8c4b1f6e79a8f466679aaa07b6,m0/generated-apks/M0-C03-RES-APK-002/left.apk,m0/generated-apks/M0-C03-RES-APK-002/right.apk,controlled_generated_apk_pair,M0-CONTROLLED-GENERATED:materializer,string resource changed and res/raw/m0_resource_marker.txt added,dex class set stays unchanged,m0-controlled-familyb,m0-controlled-familyb,M0 technical and diagnostic use only; synthetic pair is not real-world quality evidence.
DC-C03-S05-M0,C03,resource_change,S05,explanation_quality,M0,apk_pair,1,M0-C03-RES-APK-001,positive_resource_change,strong,controlled_generated_transformation,generated_local_verified,1441d2dcb6cc02efc44145360041caa06535623c663f049cf9d81bd452efc2cf,311d20d49566e4eb754f9056a7a853fa0a57742768a6dd388b76d793061246cf,m0/generated-apks/M0-C03-RES-APK-001/left.apk,m0/generated-apks/M0-C03-RES-APK-001/right.apk,controlled_generated_apk_pair,M0-CONTROLLED-GENERATED:materializer,string resource changed and res/raw/m0_resource_marker.txt added,dex class set stays unchanged,m0-controlled-familya,m0-controlled-familya,M0 technical and diagnostic use only; synthetic pair is not real-world quality evidence.
DC-C03-S05-M0,C03,resource_change,S05,explanation_quality,M0,apk_pair,2,M0-C03-RES-APK-002,positive_resource_change,strong,controlled_generated_transformation,generated_local_verified,d862ea4103a9c3d21c54fe1e716b9216064a0f264ceee65f22fbaac5fe8ee9a2,e3d131e8225879141773646b2e748df7b924bf8c4b1f6e79a8f466679aaa07b6,m0/generated-apks/M0-C03-RES-APK-002/left.apk,m0/generated-apks/M0-C03-RES-APK-002/right.apk,controlled_generated_apk_pair,M0-CONTROLLED-GENERATED:materializer,string resource changed and res/raw/m0_resource_marker.txt added,dex class set stays unchanged,m0-controlled-familyb,m0-controlled-familyb,M0 technical and diagnostic use only; synthetic pair is not real-world quality evidence.
DC-C04-S01-M0,C04,package_rename,S01,pair_similarity,M0,apk_pair,1,M0-C04-PKG-APK-002,positive_package_rename,strong,controlled_generated_transformation,generated_local_verified,36425a8f13b0836794e118649dcae01d10adcf51953ab42a235b523f1837ba3f,1ef1f0920da61fcb1d3f92294374afe9f71f340cded0230f1ba134a2c78c0b68,m0/generated-apks/M0-C04-PKG-APK-002/left.apk,m0/generated-apks/M0-C04-PKG-APK-002/right.apk,controlled_generated_apk_pair,M0-CONTROLLED-GENERATED:materializer,manifest and class namespace changed to com.phd.m0.renamed.familya,same generated class count and method bodies,m0-controlled-familya,m0-controlled-familya,M0 technical and diagnostic use only; synthetic pair is not real-world quality evidence.
DC-C04-S01-M0,C04,package_rename,S01,pair_similarity,M0,apk_pair,2,M0-C04-PKG-APK-003,positive_package_rename,strong,controlled_generated_transformation,generated_local_verified,9f24f2f77bf1822351e2383a434d23e743d8db99ef0620a19fe13be7d0cef550,14b83e2be9fd605e4fb22f6941e8fb9c787a72240cb8961e2f8417e24d7fda67,m0/generated-apks/M0-C04-PKG-APK-003/left.apk,m0/generated-apks/M0-C04-PKG-APK-003/right.apk,controlled_generated_apk_pair,M0-CONTROLLED-GENERATED:materializer,manifest and class namespace changed to com.phd.m0.renamed.familyb,same generated class count and method bodies,m0-controlled-familyb,m0-controlled-familyb,M0 technical and diagnostic use only; synthetic pair is not real-world quality evidence.
DC-C04-S02-M0,C04,package_rename,S02,candidate_retrieval,M0,apk_pair,1,M0-C04-PKG-APK-002,positive_package_rename,strong,controlled_generated_transformation,generated_local_verified,36425a8f13b0836794e118649dcae01d10adcf51953ab42a235b523f1837ba3f,1ef1f0920da61fcb1d3f92294374afe9f71f340cded0230f1ba134a2c78c0b68,m0/generated-apks/M0-C04-PKG-APK-002/left.apk,m0/generated-apks/M0-C04-PKG-APK-002/right.apk,controlled_generated_apk_pair,M0-CONTROLLED-GENERATED:materializer,manifest and class namespace changed to com.phd.m0.renamed.familya,same generated class count and method bodies,m0-controlled-familya,m0-controlled-familya,M0 technical and diagnostic use only; synthetic pair is not real-world quality evidence.
DC-C04-S02-M0,C04,package_rename,S02,candidate_retrieval,M0,apk_pair,2,M0-C04-PKG-APK-003,positive_package_rename,strong,controlled_generated_transformation,generated_local_verified,9f24f2f77bf1822351e2383a434d23e743d8db99ef0620a19fe13be7d0cef550,14b83e2be9fd605e4fb22f6941e8fb9c787a72240cb8961e2f8417e24d7fda67,m0/generated-apks/M0-C04-PKG-APK-003/left.apk,m0/generated-apks/M0-C04-PKG-APK-003/right.apk,controlled_generated_apk_pair,M0-CONTROLLED-GENERATED:materializer,manifest and class namespace changed to com.phd.m0.renamed.familyb,same generated class count and method bodies,m0-controlled-familyb,m0-controlled-familyb,M0 technical and diagnostic use only; synthetic pair is not real-world quality evidence.
DC-C04-S03-M0,C04,package_rename,S03,screening_cost,M0,apk_pair,1,M0-C04-PKG-APK-002,positive_package_rename,strong,controlled_generated_transformation,generated_local_verified,36425a8f13b0836794e118649dcae01d10adcf51953ab42a235b523f1837ba3f,1ef1f0920da61fcb1d3f92294374afe9f71f340cded0230f1ba134a2c78c0b68,m0/generated-apks/M0-C04-PKG-APK-002/left.apk,m0/generated-apks/M0-C04-PKG-APK-002/right.apk,controlled_generated_apk_pair,M0-CONTROLLED-GENERATED:materializer,manifest and class namespace changed to com.phd.m0.renamed.familya,same generated class count and method bodies,m0-controlled-familya,m0-controlled-familya,M0 technical and diagnostic use only; synthetic pair is not real-world quality evidence.
DC-C04-S03-M0,C04,package_rename,S03,screening_cost,M0,apk_pair,2,M0-C04-PKG-APK-003,positive_package_rename,strong,controlled_generated_transformation,generated_local_verified,9f24f2f77bf1822351e2383a434d23e743d8db99ef0620a19fe13be7d0cef550,14b83e2be9fd605e4fb22f6941e8fb9c787a72240cb8961e2f8417e24d7fda67,m0/generated-apks/M0-C04-PKG-APK-003/left.apk,m0/generated-apks/M0-C04-PKG-APK-003/right.apk,controlled_generated_apk_pair,M0-CONTROLLED-GENERATED:materializer,manifest and class namespace changed to com.phd.m0.renamed.familyb,same generated class count and method bodies,m0-controlled-familyb,m0-controlled-familyb,M0 technical and diagnostic use only; synthetic pair is not real-world quality evidence.
DC-C04-S04-M0,C04,package_rename,S04,deep_cost,M0,apk_pair,1,M0-C04-PKG-APK-002,positive_package_rename,strong,controlled_generated_transformation,generated_local_verified,36425a8f13b0836794e118649dcae01d10adcf51953ab42a235b523f1837ba3f,1ef1f0920da61fcb1d3f92294374afe9f71f340cded0230f1ba134a2c78c0b68,m0/generated-apks/M0-C04-PKG-APK-002/left.apk,m0/generated-apks/M0-C04-PKG-APK-002/right.apk,controlled_generated_apk_pair,M0-CONTROLLED-GENERATED:materializer,manifest and class namespace changed to com.phd.m0.renamed.familya,same generated class count and method bodies,m0-controlled-familya,m0-controlled-familya,M0 technical and diagnostic use only; synthetic pair is not real-world quality evidence.
DC-C04-S04-M0,C04,package_rename,S04,deep_cost,M0,apk_pair,2,M0-C04-PKG-APK-003,positive_package_rename,strong,controlled_generated_transformation,generated_local_verified,9f24f2f77bf1822351e2383a434d23e743d8db99ef0620a19fe13be7d0cef550,14b83e2be9fd605e4fb22f6941e8fb9c787a72240cb8961e2f8417e24d7fda67,m0/generated-apks/M0-C04-PKG-APK-003/left.apk,m0/generated-apks/M0-C04-PKG-APK-003/right.apk,controlled_generated_apk_pair,M0-CONTROLLED-GENERATED:materializer,manifest and class namespace changed to com.phd.m0.renamed.familyb,same generated class count and method bodies,m0-controlled-familyb,m0-controlled-familyb,M0 technical and diagnostic use only; synthetic pair is not real-world quality evidence.
DC-C04-S05-M0,C04,package_rename,S05,explanation_quality,M0,apk_pair,1,M0-C04-PKG-APK-002,positive_package_rename,strong,controlled_generated_transformation,generated_local_verified,36425a8f13b0836794e118649dcae01d10adcf51953ab42a235b523f1837ba3f,1ef1f0920da61fcb1d3f92294374afe9f71f340cded0230f1ba134a2c78c0b68,m0/generated-apks/M0-C04-PKG-APK-002/left.apk,m0/generated-apks/M0-C04-PKG-APK-002/right.apk,controlled_generated_apk_pair,M0-CONTROLLED-GENERATED:materializer,manifest and class namespace changed to com.phd.m0.renamed.familya,same generated class count and method bodies,m0-controlled-familya,m0-controlled-familya,M0 technical and diagnostic use only; synthetic pair is not real-world quality evidence.
DC-C04-S05-M0,C04,package_rename,S05,explanation_quality,M0,apk_pair,2,M0-C04-PKG-APK-003,positive_package_rename,strong,controlled_generated_transformation,generated_local_verified,9f24f2f77bf1822351e2383a434d23e743d8db99ef0620a19fe13be7d0cef550,14b83e2be9fd605e4fb22f6941e8fb9c787a72240cb8961e2f8417e24d7fda67,m0/generated-apks/M0-C04-PKG-APK-003/left.apk,m0/generated-apks/M0-C04-PKG-APK-003/right.apk,controlled_generated_apk_pair,M0-CONTROLLED-GENERATED:materializer,manifest and class namespace changed to com.phd.m0.renamed.familyb,same generated class count and method bodies,m0-controlled-familyb,m0-controlled-familyb,M0 technical and diagnostic use only; synthetic pair is not real-world quality evidence.
DC-C05-S01-M0,C05,code_injection,S01,pair_similarity,M0,apk_pair,1,M0-C05-PB-001,positive_piggybacking,medium,external_pair_label,stable_cache_decoded_and_features_extracted,00575de650f78413c91e8e613adf9099812f325aa9cf36c72e81c79b230f58f4,a55ea5807203ce31470d1905ed30f9267ae3459809dda25c4f339197de6486fe,,,external_label_sha_pair,AZ-PILOT-001:pairs.csv,payload/code added to original APK,original and piggybacked APK should preserve carrier-level similarity while added code appears,az-piggybacking-AZP-PB-0001,az-piggybacking-00575de650f78413c91e8e613adf9099812f325aa9cf36c72e81c79b230f58f4,"M0 materialization and technical checks only; quality claims require M1+ split, negative pairs, and explanation rubric."
DC-C05-S01-M0,C05,code_injection,S01,pair_similarity,M0,apk_pair,2,M0-C05-PB-002,positive_piggybacking,medium,external_pair_label,stable_cache_decoded_and_features_extracted,006009db95496d4e42281eb18c6e5ca81132de1489f690fd5b805baff6f4a7c4,b5610062146d79ca6cdfdca2f42555aee3c5317fdda76bde40b4bd286b4f6a86,,,external_label_sha_pair,AZ-PILOT-001:pairs.csv,payload/code added to original APK,original and piggybacked APK should preserve carrier-level similarity while added code appears,az-piggybacking-AZP-PB-0002,az-piggybacking-006009db95496d4e42281eb18c6e5ca81132de1489f690fd5b805baff6f4a7c4,"M0 materialization and technical checks only; quality claims require M1+ split, negative pairs, and explanation rubric."
DC-C05-S02-M0,C05,code_injection,S02,candidate_retrieval,M0,apk_pair,1,M0-C05-PB-001,positive_piggybacking,medium,external_pair_label,stable_cache_decoded_and_features_extracted,00575de650f78413c91e8e613adf9099812f325aa9cf36c72e81c79b230f58f4,a55ea5807203ce31470d1905ed30f9267ae3459809dda25c4f339197de6486fe,,,external_label_sha_pair,AZ-PILOT-001:pairs.csv,payload/code added to original APK,original and piggybacked APK should preserve carrier-level similarity while added code appears,az-piggybacking-AZP-PB-0001,az-piggybacking-00575de650f78413c91e8e613adf9099812f325aa9cf36c72e81c79b230f58f4,"M0 materialization and technical checks only; quality claims require M1+ split, negative pairs, and explanation rubric."
DC-C05-S02-M0,C05,code_injection,S02,candidate_retrieval,M0,apk_pair,2,M0-C05-PB-002,positive_piggybacking,medium,external_pair_label,stable_cache_decoded_and_features_extracted,006009db95496d4e42281eb18c6e5ca81132de1489f690fd5b805baff6f4a7c4,b5610062146d79ca6cdfdca2f42555aee3c5317fdda76bde40b4bd286b4f6a86,,,external_label_sha_pair,AZ-PILOT-001:pairs.csv,payload/code added to original APK,original and piggybacked APK should preserve carrier-level similarity while added code appears,az-piggybacking-AZP-PB-0002,az-piggybacking-006009db95496d4e42281eb18c6e5ca81132de1489f690fd5b805baff6f4a7c4,"M0 materialization and technical checks only; quality claims require M1+ split, negative pairs, and explanation rubric."
DC-C05-S03-M0,C05,code_injection,S03,screening_cost,M0,apk_pair,1,M0-C05-PB-001,positive_piggybacking,medium,external_pair_label,stable_cache_decoded_and_features_extracted,00575de650f78413c91e8e613adf9099812f325aa9cf36c72e81c79b230f58f4,a55ea5807203ce31470d1905ed30f9267ae3459809dda25c4f339197de6486fe,,,external_label_sha_pair,AZ-PILOT-001:pairs.csv,payload/code added to original APK,original and piggybacked APK should preserve carrier-level similarity while added code appears,az-piggybacking-AZP-PB-0001,az-piggybacking-00575de650f78413c91e8e613adf9099812f325aa9cf36c72e81c79b230f58f4,"M0 materialization and technical checks only; quality claims require M1+ split, negative pairs, and explanation rubric."
DC-C05-S03-M0,C05,code_injection,S03,screening_cost,M0,apk_pair,2,M0-C05-PB-002,positive_piggybacking,medium,external_pair_label,stable_cache_decoded_and_features_extracted,006009db95496d4e42281eb18c6e5ca81132de1489f690fd5b805baff6f4a7c4,b5610062146d79ca6cdfdca2f42555aee3c5317fdda76bde40b4bd286b4f6a86,,,external_label_sha_pair,AZ-PILOT-001:pairs.csv,payload/code added to original APK,original and piggybacked APK should preserve carrier-level similarity while added code appears,az-piggybacking-AZP-PB-0002,az-piggybacking-006009db95496d4e42281eb18c6e5ca81132de1489f690fd5b805baff6f4a7c4,"M0 materialization and technical checks only; quality claims require M1+ split, negative pairs, and explanation rubric."
DC-C05-S04-M0,C05,code_injection,S04,deep_cost,M0,apk_pair,1,M0-C05-PB-001,positive_piggybacking,medium,external_pair_label,stable_cache_decoded_and_features_extracted,00575de650f78413c91e8e613adf9099812f325aa9cf36c72e81c79b230f58f4,a55ea5807203ce31470d1905ed30f9267ae3459809dda25c4f339197de6486fe,,,external_label_sha_pair,AZ-PILOT-001:pairs.csv,payload/code added to original APK,original and piggybacked APK should preserve carrier-level similarity while added code appears,az-piggybacking-AZP-PB-0001,az-piggybacking-00575de650f78413c91e8e613adf9099812f325aa9cf36c72e81c79b230f58f4,"M0 materialization and technical checks only; quality claims require M1+ split, negative pairs, and explanation rubric."
DC-C05-S04-M0,C05,code_injection,S04,deep_cost,M0,apk_pair,2,M0-C05-PB-002,positive_piggybacking,medium,external_pair_label,stable_cache_decoded_and_features_extracted,006009db95496d4e42281eb18c6e5ca81132de1489f690fd5b805baff6f4a7c4,b5610062146d79ca6cdfdca2f42555aee3c5317fdda76bde40b4bd286b4f6a86,,,external_label_sha_pair,AZ-PILOT-001:pairs.csv,payload/code added to original APK,original and piggybacked APK should preserve carrier-level similarity while added code appears,az-piggybacking-AZP-PB-0002,az-piggybacking-006009db95496d4e42281eb18c6e5ca81132de1489f690fd5b805baff6f4a7c4,"M0 materialization and technical checks only; quality claims require M1+ split, negative pairs, and explanation rubric."
DC-C05-S05-M0,C05,code_injection,S05,explanation_quality,M0,apk_pair,1,M0-C05-PB-001,positive_piggybacking,medium,external_pair_label,stable_cache_decoded_and_features_extracted,00575de650f78413c91e8e613adf9099812f325aa9cf36c72e81c79b230f58f4,a55ea5807203ce31470d1905ed30f9267ae3459809dda25c4f339197de6486fe,,,external_label_sha_pair,AZ-PILOT-001:pairs.csv,payload/code added to original APK,original and piggybacked APK should preserve carrier-level similarity while added code appears,az-piggybacking-AZP-PB-0001,az-piggybacking-00575de650f78413c91e8e613adf9099812f325aa9cf36c72e81c79b230f58f4,"M0 materialization and technical checks only; quality claims require M1+ split, negative pairs, and explanation rubric."
DC-C05-S05-M0,C05,code_injection,S05,explanation_quality,M0,apk_pair,2,M0-C05-PB-002,positive_piggybacking,medium,external_pair_label,stable_cache_decoded_and_features_extracted,006009db95496d4e42281eb18c6e5ca81132de1489f690fd5b805baff6f4a7c4,b5610062146d79ca6cdfdca2f42555aee3c5317fdda76bde40b4bd286b4f6a86,,,external_label_sha_pair,AZ-PILOT-001:pairs.csv,payload/code added to original APK,original and piggybacked APK should preserve carrier-level similarity while added code appears,az-piggybacking-AZP-PB-0002,az-piggybacking-006009db95496d4e42281eb18c6e5ca81132de1489f690fd5b805baff6f4a7c4,"M0 materialization and technical checks only; quality claims require M1+ split, negative pairs, and explanation rubric."
DC-C06-S01-M0,C06,r8_obfuscation,S01,pair_similarity,M0,apk_pair,1,M0-C06-R8-001,positive_r8_optimization,strong,controlled_local_transformation,runnable_local_with_prior_scores,b0c8faaa2c8d1060f63ec265b17e96358de9508bec3f819c4af25cea1a7506b6,cf18973920959d1d56561a9819e263c159d79bc0a8848d356fe8a8a4dd928d16,apk/simple_app/simple_app-releaseNonOptimized.apk,apk/simple_app/simple_app-releaseOptimized.apk,local_apk_pair,experiments/artifacts/E-SOTA-008/robustness-benchmark-v1.csv,R8 optimization changes bytecode structure,app should remain functionally same and similar at multi-view level,local-simple-app-family,local-simple-app-family,M0 technical check only; reused local family is not independent quality evidence.
DC-C06-S01-M0,C06,r8_obfuscation,S01,pair_similarity,M0,apk_pair,2,M0-C06-OBF-APK-002,positive_obfuscation_like_rename,medium,controlled_generated_transformation,generated_local_verified,9279e54472cf2071ab25bd2a2a2ec4ade59f1e727a27e0b17f0f72784570b294,76dca2fec3934bb7ce4c4d51340ac5b0f26b900de1ca2b1a91eb0b0f06d4b2e9,m0/generated-apks/M0-C06-OBF-APK-002/left.apk,m0/generated-apks/M0-C06-OBF-APK-002/right.apk,controlled_generated_apk_pair,M0-CONTROLLED-GENERATED:materializer,class and method names shortened in the same package,same generated class count and method bodies,m0-controlled-familya,m0-controlled-familya,M0 technical and diagnostic use only; synthetic pair is not real-world quality evidence.
DC-C06-S02-M0,C06,r8_obfuscation,S02,candidate_retrieval,M0,apk_pair,1,M0-C06-R8-001,positive_r8_optimization,strong,controlled_local_transformation,runnable_local_with_prior_scores,b0c8faaa2c8d1060f63ec265b17e96358de9508bec3f819c4af25cea1a7506b6,cf18973920959d1d56561a9819e263c159d79bc0a8848d356fe8a8a4dd928d16,apk/simple_app/simple_app-releaseNonOptimized.apk,apk/simple_app/simple_app-releaseOptimized.apk,local_apk_pair,experiments/artifacts/E-SOTA-008/robustness-benchmark-v1.csv,R8 optimization changes bytecode structure,app should remain functionally same and similar at multi-view level,local-simple-app-family,local-simple-app-family,M0 technical check only; reused local family is not independent quality evidence.
DC-C06-S02-M0,C06,r8_obfuscation,S02,candidate_retrieval,M0,apk_pair,2,M0-C06-OBF-APK-002,positive_obfuscation_like_rename,medium,controlled_generated_transformation,generated_local_verified,9279e54472cf2071ab25bd2a2a2ec4ade59f1e727a27e0b17f0f72784570b294,76dca2fec3934bb7ce4c4d51340ac5b0f26b900de1ca2b1a91eb0b0f06d4b2e9,m0/generated-apks/M0-C06-OBF-APK-002/left.apk,m0/generated-apks/M0-C06-OBF-APK-002/right.apk,controlled_generated_apk_pair,M0-CONTROLLED-GENERATED:materializer,class and method names shortened in the same package,same generated class count and method bodies,m0-controlled-familya,m0-controlled-familya,M0 technical and diagnostic use only; synthetic pair is not real-world quality evidence.
DC-C06-S03-M0,C06,r8_obfuscation,S03,screening_cost,M0,apk_pair,1,M0-C06-R8-001,positive_r8_optimization,strong,controlled_local_transformation,runnable_local_with_prior_scores,b0c8faaa2c8d1060f63ec265b17e96358de9508bec3f819c4af25cea1a7506b6,cf18973920959d1d56561a9819e263c159d79bc0a8848d356fe8a8a4dd928d16,apk/simple_app/simple_app-releaseNonOptimized.apk,apk/simple_app/simple_app-releaseOptimized.apk,local_apk_pair,experiments/artifacts/E-SOTA-008/robustness-benchmark-v1.csv,R8 optimization changes bytecode structure,app should remain functionally same and similar at multi-view level,local-simple-app-family,local-simple-app-family,M0 technical check only; reused local family is not independent quality evidence.
DC-C06-S03-M0,C06,r8_obfuscation,S03,screening_cost,M0,apk_pair,2,M0-C06-OBF-APK-002,positive_obfuscation_like_rename,medium,controlled_generated_transformation,generated_local_verified,9279e54472cf2071ab25bd2a2a2ec4ade59f1e727a27e0b17f0f72784570b294,76dca2fec3934bb7ce4c4d51340ac5b0f26b900de1ca2b1a91eb0b0f06d4b2e9,m0/generated-apks/M0-C06-OBF-APK-002/left.apk,m0/generated-apks/M0-C06-OBF-APK-002/right.apk,controlled_generated_apk_pair,M0-CONTROLLED-GENERATED:materializer,class and method names shortened in the same package,same generated class count and method bodies,m0-controlled-familya,m0-controlled-familya,M0 technical and diagnostic use only; synthetic pair is not real-world quality evidence.
DC-C06-S04-M0,C06,r8_obfuscation,S04,deep_cost,M0,apk_pair,1,M0-C06-R8-001,positive_r8_optimization,strong,controlled_local_transformation,runnable_local_with_prior_scores,b0c8faaa2c8d1060f63ec265b17e96358de9508bec3f819c4af25cea1a7506b6,cf18973920959d1d56561a9819e263c159d79bc0a8848d356fe8a8a4dd928d16,apk/simple_app/simple_app-releaseNonOptimized.apk,apk/simple_app/simple_app-releaseOptimized.apk,local_apk_pair,experiments/artifacts/E-SOTA-008/robustness-benchmark-v1.csv,R8 optimization changes bytecode structure,app should remain functionally same and similar at multi-view level,local-simple-app-family,local-simple-app-family,M0 technical check only; reused local family is not independent quality evidence.
DC-C06-S04-M0,C06,r8_obfuscation,S04,deep_cost,M0,apk_pair,2,M0-C06-OBF-APK-002,positive_obfuscation_like_rename,medium,controlled_generated_transformation,generated_local_verified,9279e54472cf2071ab25bd2a2a2ec4ade59f1e727a27e0b17f0f72784570b294,76dca2fec3934bb7ce4c4d51340ac5b0f26b900de1ca2b1a91eb0b0f06d4b2e9,m0/generated-apks/M0-C06-OBF-APK-002/left.apk,m0/generated-apks/M0-C06-OBF-APK-002/right.apk,controlled_generated_apk_pair,M0-CONTROLLED-GENERATED:materializer,class and method names shortened in the same package,same generated class count and method bodies,m0-controlled-familya,m0-controlled-familya,M0 technical and diagnostic use only; synthetic pair is not real-world quality evidence.
DC-C06-S05-M0,C06,r8_obfuscation,S05,explanation_quality,M0,apk_pair,1,M0-C06-R8-001,positive_r8_optimization,strong,controlled_local_transformation,runnable_local_with_prior_scores,b0c8faaa2c8d1060f63ec265b17e96358de9508bec3f819c4af25cea1a7506b6,cf18973920959d1d56561a9819e263c159d79bc0a8848d356fe8a8a4dd928d16,apk/simple_app/simple_app-releaseNonOptimized.apk,apk/simple_app/simple_app-releaseOptimized.apk,local_apk_pair,experiments/artifacts/E-SOTA-008/robustness-benchmark-v1.csv,R8 optimization changes bytecode structure,app should remain functionally same and similar at multi-view level,local-simple-app-family,local-simple-app-family,M0 technical check only; reused local family is not independent quality evidence.
DC-C06-S05-M0,C06,r8_obfuscation,S05,explanation_quality,M0,apk_pair,2,M0-C06-OBF-APK-002,positive_obfuscation_like_rename,medium,controlled_generated_transformation,generated_local_verified,9279e54472cf2071ab25bd2a2a2ec4ade59f1e727a27e0b17f0f72784570b294,76dca2fec3934bb7ce4c4d51340ac5b0f26b900de1ca2b1a91eb0b0f06d4b2e9,m0/generated-apks/M0-C06-OBF-APK-002/left.apk,m0/generated-apks/M0-C06-OBF-APK-002/right.apk,controlled_generated_apk_pair,M0-CONTROLLED-GENERATED:materializer,class and method names shortened in the same package,same generated class count and method bodies,m0-controlled-familya,m0-controlled-familya,M0 technical and diagnostic use only; synthetic pair is not real-world quality evidence.
DC-C07-S01-M0,C07,native_lib_change,S01,pair_similarity,M0,apk_pair,1,M0-C07-NATIVE-APK-001,positive_native_lib_added,strong,controlled_generated_transformation,generated_local_verified,e3ecbc6fac91918f962fa060047fbed0f5eb1f576707f335f8f4633698481725,8583b1ae7758a92f85b672bf98d39623789feb20490bb670015b7f842e7315bf,m0/generated-apks/M0-C07-NATIVE-APK-001/left.apk,m0/generated-apks/M0-C07-NATIVE-APK-001/right.apk,controlled_generated_apk_pair,M0-CONTROLLED-GENERATED:materializer,lib/armeabi-v7a/libm0native.so added,manifest and dex class set stay unchanged,m0-controlled-familya,m0-controlled-familya,M0 technical and diagnostic use only; synthetic pair is not real-world quality evidence.
DC-C07-S01-M0,C07,native_lib_change,S01,pair_similarity,M0,apk_pair,2,M0-C07-NATIVE-APK-002,positive_native_lib_added,strong,controlled_generated_transformation,generated_local_verified,7652d04595a8325be769a34e2b91e44d203123e9c02bebf6b5a4d7814cf055ed,4e24e0cc39590edf53f30ff7ae4ed288dc14a644f7970b3d477d0a54c92ee477,m0/generated-apks/M0-C07-NATIVE-APK-002/left.apk,m0/generated-apks/M0-C07-NATIVE-APK-002/right.apk,controlled_generated_apk_pair,M0-CONTROLLED-GENERATED:materializer,lib/armeabi-v7a/libm0native.so added,manifest and dex class set stay unchanged,m0-controlled-familyb,m0-controlled-familyb,M0 technical and diagnostic use only; synthetic pair is not real-world quality evidence.
DC-C07-S02-M0,C07,native_lib_change,S02,candidate_retrieval,M0,apk_pair,1,M0-C07-NATIVE-APK-001,positive_native_lib_added,strong,controlled_generated_transformation,generated_local_verified,e3ecbc6fac91918f962fa060047fbed0f5eb1f576707f335f8f4633698481725,8583b1ae7758a92f85b672bf98d39623789feb20490bb670015b7f842e7315bf,m0/generated-apks/M0-C07-NATIVE-APK-001/left.apk,m0/generated-apks/M0-C07-NATIVE-APK-001/right.apk,controlled_generated_apk_pair,M0-CONTROLLED-GENERATED:materializer,lib/armeabi-v7a/libm0native.so added,manifest and dex class set stay unchanged,m0-controlled-familya,m0-controlled-familya,M0 technical and diagnostic use only; synthetic pair is not real-world quality evidence.
DC-C07-S02-M0,C07,native_lib_change,S02,candidate_retrieval,M0,apk_pair,2,M0-C07-NATIVE-APK-002,positive_native_lib_added,strong,controlled_generated_transformation,generated_local_verified,7652d04595a8325be769a34e2b91e44d203123e9c02bebf6b5a4d7814cf055ed,4e24e0cc39590edf53f30ff7ae4ed288dc14a644f7970b3d477d0a54c92ee477,m0/generated-apks/M0-C07-NATIVE-APK-002/left.apk,m0/generated-apks/M0-C07-NATIVE-APK-002/right.apk,controlled_generated_apk_pair,M0-CONTROLLED-GENERATED:materializer,lib/armeabi-v7a/libm0native.so added,manifest and dex class set stay unchanged,m0-controlled-familyb,m0-controlled-familyb,M0 technical and diagnostic use only; synthetic pair is not real-world quality evidence.
DC-C07-S03-M0,C07,native_lib_change,S03,screening_cost,M0,apk_pair,1,M0-C07-NATIVE-APK-001,positive_native_lib_added,strong,controlled_generated_transformation,generated_local_verified,e3ecbc6fac91918f962fa060047fbed0f5eb1f576707f335f8f4633698481725,8583b1ae7758a92f85b672bf98d39623789feb20490bb670015b7f842e7315bf,m0/generated-apks/M0-C07-NATIVE-APK-001/left.apk,m0/generated-apks/M0-C07-NATIVE-APK-001/right.apk,controlled_generated_apk_pair,M0-CONTROLLED-GENERATED:materializer,lib/armeabi-v7a/libm0native.so added,manifest and dex class set stay unchanged,m0-controlled-familya,m0-controlled-familya,M0 technical and diagnostic use only; synthetic pair is not real-world quality evidence.
DC-C07-S03-M0,C07,native_lib_change,S03,screening_cost,M0,apk_pair,2,M0-C07-NATIVE-APK-002,positive_native_lib_added,strong,controlled_generated_transformation,generated_local_verified,7652d04595a8325be769a34e2b91e44d203123e9c02bebf6b5a4d7814cf055ed,4e24e0cc39590edf53f30ff7ae4ed288dc14a644f7970b3d477d0a54c92ee477,m0/generated-apks/M0-C07-NATIVE-APK-002/left.apk,m0/generated-apks/M0-C07-NATIVE-APK-002/right.apk,controlled_generated_apk_pair,M0-CONTROLLED-GENERATED:materializer,lib/armeabi-v7a/libm0native.so added,manifest and dex class set stay unchanged,m0-controlled-familyb,m0-controlled-familyb,M0 technical and diagnostic use only; synthetic pair is not real-world quality evidence.
DC-C07-S04-M0,C07,native_lib_change,S04,deep_cost,M0,apk_pair,1,M0-C07-NATIVE-APK-001,positive_native_lib_added,strong,controlled_generated_transformation,generated_local_verified,e3ecbc6fac91918f962fa060047fbed0f5eb1f576707f335f8f4633698481725,8583b1ae7758a92f85b672bf98d39623789feb20490bb670015b7f842e7315bf,m0/generated-apks/M0-C07-NATIVE-APK-001/left.apk,m0/generated-apks/M0-C07-NATIVE-APK-001/right.apk,controlled_generated_apk_pair,M0-CONTROLLED-GENERATED:materializer,lib/armeabi-v7a/libm0native.so added,manifest and dex class set stay unchanged,m0-controlled-familya,m0-controlled-familya,M0 technical and diagnostic use only; synthetic pair is not real-world quality evidence.
DC-C07-S04-M0,C07,native_lib_change,S04,deep_cost,M0,apk_pair,2,M0-C07-NATIVE-APK-002,positive_native_lib_added,strong,controlled_generated_transformation,generated_local_verified,7652d04595a8325be769a34e2b91e44d203123e9c02bebf6b5a4d7814cf055ed,4e24e0cc39590edf53f30ff7ae4ed288dc14a644f7970b3d477d0a54c92ee477,m0/generated-apks/M0-C07-NATIVE-APK-002/left.apk,m0/generated-apks/M0-C07-NATIVE-APK-002/right.apk,controlled_generated_apk_pair,M0-CONTROLLED-GENERATED:materializer,lib/armeabi-v7a/libm0native.so added,manifest and dex class set stay unchanged,m0-controlled-familyb,m0-controlled-familyb,M0 technical and diagnostic use only; synthetic pair is not real-world quality evidence.
DC-C07-S05-M0,C07,native_lib_change,S05,explanation_quality,M0,apk_pair,1,M0-C07-NATIVE-APK-001,positive_native_lib_added,strong,controlled_generated_transformation,generated_local_verified,e3ecbc6fac91918f962fa060047fbed0f5eb1f576707f335f8f4633698481725,8583b1ae7758a92f85b672bf98d39623789feb20490bb670015b7f842e7315bf,m0/generated-apks/M0-C07-NATIVE-APK-001/left.apk,m0/generated-apks/M0-C07-NATIVE-APK-001/right.apk,controlled_generated_apk_pair,M0-CONTROLLED-GENERATED:materializer,lib/armeabi-v7a/libm0native.so added,manifest and dex class set stay unchanged,m0-controlled-familya,m0-controlled-familya,M0 technical and diagnostic use only; synthetic pair is not real-world quality evidence.
DC-C07-S05-M0,C07,native_lib_change,S05,explanation_quality,M0,apk_pair,2,M0-C07-NATIVE-APK-002,positive_native_lib_added,strong,controlled_generated_transformation,generated_local_verified,7652d04595a8325be769a34e2b91e44d203123e9c02bebf6b5a4d7814cf055ed,4e24e0cc39590edf53f30ff7ae4ed288dc14a644f7970b3d477d0a54c92ee477,m0/generated-apks/M0-C07-NATIVE-APK-002/left.apk,m0/generated-apks/M0-C07-NATIVE-APK-002/right.apk,controlled_generated_apk_pair,M0-CONTROLLED-GENERATED:materializer,lib/armeabi-v7a/libm0native.so added,manifest and dex class set stay unchanged,m0-controlled-familyb,m0-controlled-familyb,M0 technical and diagnostic use only; synthetic pair is not real-world quality evidence.
DC-C08-S01-M0,C08,code_deletion,S01,pair_similarity,M0,apk_pair,1,M0-C08-DEL-APK-002,positive_code_deletion,strong,controlled_generated_transformation,generated_local_verified,d8e028924c59178311eefd130e3166ab9d00945cf46765776f84f406bd2b3e65,d8809ad982575cd38dcd88d0067e2d4b9bfc7c9ec3674843872400c5649fadea,m0/generated-apks/M0-C08-DEL-APK-002/left.apk,m0/generated-apks/M0-C08-DEL-APK-002/right.apk,controlled_generated_apk_pair,M0-CONTROLLED-GENERATED:materializer,generated class count reduced from 6 to 3,manifest package and resources stay unchanged,m0-controlled-familya,m0-controlled-familya,M0 technical and diagnostic use only; synthetic pair is not real-world quality evidence.
DC-C08-S01-M0,C08,code_deletion,S01,pair_similarity,M0,apk_pair,2,M0-C08-DEL-APK-003,positive_code_deletion,strong,controlled_generated_transformation,generated_local_verified,5adf0356ce7210af233b167702522ac784af05293a021f8da04c6ec04c634fae,bdd734bf065a28d990b8d06da046d576fbed32f209f7f8bd8e3a7122f60c7e79,m0/generated-apks/M0-C08-DEL-APK-003/left.apk,m0/generated-apks/M0-C08-DEL-APK-003/right.apk,controlled_generated_apk_pair,M0-CONTROLLED-GENERATED:materializer,generated class count reduced from 6 to 3,manifest package and resources stay unchanged,m0-controlled-familyb,m0-controlled-familyb,M0 technical and diagnostic use only; synthetic pair is not real-world quality evidence.
DC-C08-S02-M0,C08,code_deletion,S02,candidate_retrieval,M0,apk_pair,1,M0-C08-DEL-APK-002,positive_code_deletion,strong,controlled_generated_transformation,generated_local_verified,d8e028924c59178311eefd130e3166ab9d00945cf46765776f84f406bd2b3e65,d8809ad982575cd38dcd88d0067e2d4b9bfc7c9ec3674843872400c5649fadea,m0/generated-apks/M0-C08-DEL-APK-002/left.apk,m0/generated-apks/M0-C08-DEL-APK-002/right.apk,controlled_generated_apk_pair,M0-CONTROLLED-GENERATED:materializer,generated class count reduced from 6 to 3,manifest package and resources stay unchanged,m0-controlled-familya,m0-controlled-familya,M0 technical and diagnostic use only; synthetic pair is not real-world quality evidence.
DC-C08-S02-M0,C08,code_deletion,S02,candidate_retrieval,M0,apk_pair,2,M0-C08-DEL-APK-003,positive_code_deletion,strong,controlled_generated_transformation,generated_local_verified,5adf0356ce7210af233b167702522ac784af05293a021f8da04c6ec04c634fae,bdd734bf065a28d990b8d06da046d576fbed32f209f7f8bd8e3a7122f60c7e79,m0/generated-apks/M0-C08-DEL-APK-003/left.apk,m0/generated-apks/M0-C08-DEL-APK-003/right.apk,controlled_generated_apk_pair,M0-CONTROLLED-GENERATED:materializer,generated class count reduced from 6 to 3,manifest package and resources stay unchanged,m0-controlled-familyb,m0-controlled-familyb,M0 technical and diagnostic use only; synthetic pair is not real-world quality evidence.
DC-C08-S03-M0,C08,code_deletion,S03,screening_cost,M0,apk_pair,1,M0-C08-DEL-APK-002,positive_code_deletion,strong,controlled_generated_transformation,generated_local_verified,d8e028924c59178311eefd130e3166ab9d00945cf46765776f84f406bd2b3e65,d8809ad982575cd38dcd88d0067e2d4b9bfc7c9ec3674843872400c5649fadea,m0/generated-apks/M0-C08-DEL-APK-002/left.apk,m0/generated-apks/M0-C08-DEL-APK-002/right.apk,controlled_generated_apk_pair,M0-CONTROLLED-GENERATED:materializer,generated class count reduced from 6 to 3,manifest package and resources stay unchanged,m0-controlled-familya,m0-controlled-familya,M0 technical and diagnostic use only; synthetic pair is not real-world quality evidence.
DC-C08-S03-M0,C08,code_deletion,S03,screening_cost,M0,apk_pair,2,M0-C08-DEL-APK-003,positive_code_deletion,strong,controlled_generated_transformation,generated_local_verified,5adf0356ce7210af233b167702522ac784af05293a021f8da04c6ec04c634fae,bdd734bf065a28d990b8d06da046d576fbed32f209f7f8bd8e3a7122f60c7e79,m0/generated-apks/M0-C08-DEL-APK-003/left.apk,m0/generated-apks/M0-C08-DEL-APK-003/right.apk,controlled_generated_apk_pair,M0-CONTROLLED-GENERATED:materializer,generated class count reduced from 6 to 3,manifest package and resources stay unchanged,m0-controlled-familyb,m0-controlled-familyb,M0 technical and diagnostic use only; synthetic pair is not real-world quality evidence.
DC-C08-S04-M0,C08,code_deletion,S04,deep_cost,M0,apk_pair,1,M0-C08-DEL-APK-002,positive_code_deletion,strong,controlled_generated_transformation,generated_local_verified,d8e028924c59178311eefd130e3166ab9d00945cf46765776f84f406bd2b3e65,d8809ad982575cd38dcd88d0067e2d4b9bfc7c9ec3674843872400c5649fadea,m0/generated-apks/M0-C08-DEL-APK-002/left.apk,m0/generated-apks/M0-C08-DEL-APK-002/right.apk,controlled_generated_apk_pair,M0-CONTROLLED-GENERATED:materializer,generated class count reduced from 6 to 3,manifest package and resources stay unchanged,m0-controlled-familya,m0-controlled-familya,M0 technical and diagnostic use only; synthetic pair is not real-world quality evidence.
DC-C08-S04-M0,C08,code_deletion,S04,deep_cost,M0,apk_pair,2,M0-C08-DEL-APK-003,positive_code_deletion,strong,controlled_generated_transformation,generated_local_verified,5adf0356ce7210af233b167702522ac784af05293a021f8da04c6ec04c634fae,bdd734bf065a28d990b8d06da046d576fbed32f209f7f8bd8e3a7122f60c7e79,m0/generated-apks/M0-C08-DEL-APK-003/left.apk,m0/generated-apks/M0-C08-DEL-APK-003/right.apk,controlled_generated_apk_pair,M0-CONTROLLED-GENERATED:materializer,generated class count reduced from 6 to 3,manifest package and resources stay unchanged,m0-controlled-familyb,m0-controlled-familyb,M0 technical and diagnostic use only; synthetic pair is not real-world quality evidence.
DC-C08-S05-M0,C08,code_deletion,S05,explanation_quality,M0,apk_pair,1,M0-C08-DEL-APK-002,positive_code_deletion,strong,controlled_generated_transformation,generated_local_verified,d8e028924c59178311eefd130e3166ab9d00945cf46765776f84f406bd2b3e65,d8809ad982575cd38dcd88d0067e2d4b9bfc7c9ec3674843872400c5649fadea,m0/generated-apks/M0-C08-DEL-APK-002/left.apk,m0/generated-apks/M0-C08-DEL-APK-002/right.apk,controlled_generated_apk_pair,M0-CONTROLLED-GENERATED:materializer,generated class count reduced from 6 to 3,manifest package and resources stay unchanged,m0-controlled-familya,m0-controlled-familya,M0 technical and diagnostic use only; synthetic pair is not real-world quality evidence.
DC-C08-S05-M0,C08,code_deletion,S05,explanation_quality,M0,apk_pair,2,M0-C08-DEL-APK-003,positive_code_deletion,strong,controlled_generated_transformation,generated_local_verified,5adf0356ce7210af233b167702522ac784af05293a021f8da04c6ec04c634fae,bdd734bf065a28d990b8d06da046d576fbed32f209f7f8bd8e3a7122f60c7e79,m0/generated-apks/M0-C08-DEL-APK-003/left.apk,m0/generated-apks/M0-C08-DEL-APK-003/right.apk,controlled_generated_apk_pair,M0-CONTROLLED-GENERATED:materializer,generated class count reduced from 6 to 3,manifest package and resources stay unchanged,m0-controlled-familyb,m0-controlled-familyb,M0 technical and diagnostic use only; synthetic pair is not real-world quality evidence.
DC-C09-S01-M0,C09,multidex_change,S01,pair_similarity,M0,apk_pair,1,M0-C09-MDEX-APK-001,positive_multidex_split,strong,controlled_generated_transformation,generated_local_verified,eef86e22f9d18b55991e8939e307eb0260439a86d6827943d272e84871cf2a62,fc53766d96acda1c44af48779156a28e0c566e02931d09f691db60057f7f115f,m0/generated-apks/M0-C09-MDEX-APK-001/left.apk,m0/generated-apks/M0-C09-MDEX-APK-001/right.apk,controlled_generated_apk_pair,M0-CONTROLLED-GENERATED:materializer,same generated classes split across classes.dex and classes2.dex,generated class count stays 10,m0-controlled-familya,m0-controlled-familya,M0 technical and diagnostic use only; synthetic pair is not real-world quality evidence.
DC-C09-S01-M0,C09,multidex_change,S01,pair_similarity,M0,apk_pair,2,M0-C09-MDEX-APK-002,positive_multidex_split,strong,controlled_generated_transformation,generated_local_verified,6634ac86c87726dea2ce6e842d542f92c10e095e7c534716cd9f2e9c40c919db,5435812b61b892dcc9696c61e33d176f59e021996caca07f94d35d9bfe3ca106,m0/generated-apks/M0-C09-MDEX-APK-002/left.apk,m0/generated-apks/M0-C09-MDEX-APK-002/right.apk,controlled_generated_apk_pair,M0-CONTROLLED-GENERATED:materializer,same generated classes split across classes.dex and classes2.dex,generated class count stays 10,m0-controlled-familyb,m0-controlled-familyb,M0 technical and diagnostic use only; synthetic pair is not real-world quality evidence.
DC-C09-S02-M0,C09,multidex_change,S02,candidate_retrieval,M0,apk_pair,1,M0-C09-MDEX-APK-001,positive_multidex_split,strong,controlled_generated_transformation,generated_local_verified,eef86e22f9d18b55991e8939e307eb0260439a86d6827943d272e84871cf2a62,fc53766d96acda1c44af48779156a28e0c566e02931d09f691db60057f7f115f,m0/generated-apks/M0-C09-MDEX-APK-001/left.apk,m0/generated-apks/M0-C09-MDEX-APK-001/right.apk,controlled_generated_apk_pair,M0-CONTROLLED-GENERATED:materializer,same generated classes split across classes.dex and classes2.dex,generated class count stays 10,m0-controlled-familya,m0-controlled-familya,M0 technical and diagnostic use only; synthetic pair is not real-world quality evidence.
DC-C09-S02-M0,C09,multidex_change,S02,candidate_retrieval,M0,apk_pair,2,M0-C09-MDEX-APK-002,positive_multidex_split,strong,controlled_generated_transformation,generated_local_verified,6634ac86c87726dea2ce6e842d542f92c10e095e7c534716cd9f2e9c40c919db,5435812b61b892dcc9696c61e33d176f59e021996caca07f94d35d9bfe3ca106,m0/generated-apks/M0-C09-MDEX-APK-002/left.apk,m0/generated-apks/M0-C09-MDEX-APK-002/right.apk,controlled_generated_apk_pair,M0-CONTROLLED-GENERATED:materializer,same generated classes split across classes.dex and classes2.dex,generated class count stays 10,m0-controlled-familyb,m0-controlled-familyb,M0 technical and diagnostic use only; synthetic pair is not real-world quality evidence.
DC-C09-S03-M0,C09,multidex_change,S03,screening_cost,M0,apk_pair,1,M0-C09-MDEX-APK-001,positive_multidex_split,strong,controlled_generated_transformation,generated_local_verified,eef86e22f9d18b55991e8939e307eb0260439a86d6827943d272e84871cf2a62,fc53766d96acda1c44af48779156a28e0c566e02931d09f691db60057f7f115f,m0/generated-apks/M0-C09-MDEX-APK-001/left.apk,m0/generated-apks/M0-C09-MDEX-APK-001/right.apk,controlled_generated_apk_pair,M0-CONTROLLED-GENERATED:materializer,same generated classes split across classes.dex and classes2.dex,generated class count stays 10,m0-controlled-familya,m0-controlled-familya,M0 technical and diagnostic use only; synthetic pair is not real-world quality evidence.
DC-C09-S03-M0,C09,multidex_change,S03,screening_cost,M0,apk_pair,2,M0-C09-MDEX-APK-002,positive_multidex_split,strong,controlled_generated_transformation,generated_local_verified,6634ac86c87726dea2ce6e842d542f92c10e095e7c534716cd9f2e9c40c919db,5435812b61b892dcc9696c61e33d176f59e021996caca07f94d35d9bfe3ca106,m0/generated-apks/M0-C09-MDEX-APK-002/left.apk,m0/generated-apks/M0-C09-MDEX-APK-002/right.apk,controlled_generated_apk_pair,M0-CONTROLLED-GENERATED:materializer,same generated classes split across classes.dex and classes2.dex,generated class count stays 10,m0-controlled-familyb,m0-controlled-familyb,M0 technical and diagnostic use only; synthetic pair is not real-world quality evidence.
DC-C09-S04-M0,C09,multidex_change,S04,deep_cost,M0,apk_pair,1,M0-C09-MDEX-APK-001,positive_multidex_split,strong,controlled_generated_transformation,generated_local_verified,eef86e22f9d18b55991e8939e307eb0260439a86d6827943d272e84871cf2a62,fc53766d96acda1c44af48779156a28e0c566e02931d09f691db60057f7f115f,m0/generated-apks/M0-C09-MDEX-APK-001/left.apk,m0/generated-apks/M0-C09-MDEX-APK-001/right.apk,controlled_generated_apk_pair,M0-CONTROLLED-GENERATED:materializer,same generated classes split across classes.dex and classes2.dex,generated class count stays 10,m0-controlled-familya,m0-controlled-familya,M0 technical and diagnostic use only; synthetic pair is not real-world quality evidence.
DC-C09-S04-M0,C09,multidex_change,S04,deep_cost,M0,apk_pair,2,M0-C09-MDEX-APK-002,positive_multidex_split,strong,controlled_generated_transformation,generated_local_verified,6634ac86c87726dea2ce6e842d542f92c10e095e7c534716cd9f2e9c40c919db,5435812b61b892dcc9696c61e33d176f59e021996caca07f94d35d9bfe3ca106,m0/generated-apks/M0-C09-MDEX-APK-002/left.apk,m0/generated-apks/M0-C09-MDEX-APK-002/right.apk,controlled_generated_apk_pair,M0-CONTROLLED-GENERATED:materializer,same generated classes split across classes.dex and classes2.dex,generated class count stays 10,m0-controlled-familyb,m0-controlled-familyb,M0 technical and diagnostic use only; synthetic pair is not real-world quality evidence.
DC-C09-S05-M0,C09,multidex_change,S05,explanation_quality,M0,apk_pair,1,M0-C09-MDEX-APK-001,positive_multidex_split,strong,controlled_generated_transformation,generated_local_verified,eef86e22f9d18b55991e8939e307eb0260439a86d6827943d272e84871cf2a62,fc53766d96acda1c44af48779156a28e0c566e02931d09f691db60057f7f115f,m0/generated-apks/M0-C09-MDEX-APK-001/left.apk,m0/generated-apks/M0-C09-MDEX-APK-001/right.apk,controlled_generated_apk_pair,M0-CONTROLLED-GENERATED:materializer,same generated classes split across classes.dex and classes2.dex,generated class count stays 10,m0-controlled-familya,m0-controlled-familya,M0 technical and diagnostic use only; synthetic pair is not real-world quality evidence.
DC-C09-S05-M0,C09,multidex_change,S05,explanation_quality,M0,apk_pair,2,M0-C09-MDEX-APK-002,positive_multidex_split,strong,controlled_generated_transformation,generated_local_verified,6634ac86c87726dea2ce6e842d542f92c10e095e7c534716cd9f2e9c40c919db,5435812b61b892dcc9696c61e33d176f59e021996caca07f94d35d9bfe3ca106,m0/generated-apks/M0-C09-MDEX-APK-002/left.apk,m0/generated-apks/M0-C09-MDEX-APK-002/right.apk,controlled_generated_apk_pair,M0-CONTROLLED-GENERATED:materializer,same generated classes split across classes.dex and classes2.dex,generated class count stays 10,m0-controlled-familyb,m0-controlled-familyb,M0 technical and diagnostic use only; synthetic pair is not real-world quality evidence.
DC-F01-S06-M0,F01,analysis_failure,S06,failure_robustness,M0,failure_case,1,M0-F01-FAIL-APK-002,code_empty_apk,strong,controlled_generated_transformation,generated_local_verified,53ac98b6727057e9428a89ba9008eb4a2166aa442964867589c95dbdaaf0c36f,,m0/generated-apks/M0-F01-FAIL-APK-002/left.apk,,controlled_generated_failure_apk,M0-CONTROLLED-GENERATED:materializer,APK has manifest and resources but no classes.dex,"failure must be reported as analysis_failed, not score=0",m0-controlled-familya,m0-controlled-familya,M0 technical and diagnostic use only; synthetic pair is not real-world quality evidence.
DC-F01-S06-M0,F01,analysis_failure,S06,failure_robustness,M0,failure_case,2,M0-F01-FAIL-APK-003,code_empty_apk,strong,controlled_generated_transformation,generated_local_verified,e40b018b3e86a1374bf5ecea8aa1131202b4c1199cf26b03703e635b477d793f,,m0/generated-apks/M0-F01-FAIL-APK-003/left.apk,,controlled_generated_failure_apk,M0-CONTROLLED-GENERATED:materializer,APK has manifest and resources but no classes.dex,"failure must be reported as analysis_failed, not score=0",m0-controlled-familyb,m0-controlled-familyb,M0 technical and diagnostic use only; synthetic pair is not real-world quality evidence.
