seed_pair_id,coordinate,class_code,class_name,scenario_support,maturity,label,ground_truth_kind,label_source,label_method,label_confidence,evidence_ref,base_app_id,reuse_group,independence_unit,claim_scope,left_id,right_id,left_sha256,right_sha256,left_apk_ref,right_apk_ref,source_kind,source_ref,data_quality,expected_change,expected_invariants,notes
M0-C01-RP-001,DC-C01-S01-M0,C01,repack,S01;S02;S03;S04;S05,M0,positive_repack,external_pair_label,RePack/GridDroid label via AZ-PILOT-001,external_dataset_label_with_stable_decode_check,strong,AZ-PILOT-001:pairs.csv:AZP-RP-0001,01195c7318fb8effa28db5e32c46599c30c18b8743781c30470ade92d83caea5,az-repack-AZP-RP-0001,az-repack-01195c7318fb8effa28db5e32c46599c30c18b8743781c30470ade92d83caea5,M0 materialization and technical checks only; quality claims require M1+ split.,01195c7318fb8effa28db5e32c46599c30c18b8743781c30470ade92d83caea5,d548502f86d440d9e27145d3ef9e351f04e1d96284e7dbdeae9a886f26366c54,01195c7318fb8effa28db5e32c46599c30c18b8743781c30470ade92d83caea5,d548502f86d440d9e27145d3ef9e351f04e1d96284e7dbdeae9a886f26366c54,,,external_label_sha_pair,AZ-PILOT-001:pairs.csv,stable_cache_decoded_and_features_extracted,signature/container and possible code/resource changes under same lineage,same lineage should remain similar; technical failures are not low similarity,From AZP-RP-0001; external RePack/GridDroid label.
M0-C01-RP-002,DC-C01-S01-M0,C01,repack,S01;S02;S03;S04;S05,M0,positive_repack,external_pair_label,RePack/GridDroid label via AZ-PILOT-001,external_dataset_label_with_stable_decode_check,strong,AZ-PILOT-001:pairs.csv:AZP-RP-0002,04d61cf71bcd9e9ff83d35fa86c82cb0e4d1476c39cb1a87217e7d4dfa4b71af,az-repack-AZP-RP-0002,az-repack-04d61cf71bcd9e9ff83d35fa86c82cb0e4d1476c39cb1a87217e7d4dfa4b71af,M0 materialization and technical checks only; quality claims require M1+ split.,04d61cf71bcd9e9ff83d35fa86c82cb0e4d1476c39cb1a87217e7d4dfa4b71af,d5c2a31bd95fc4d602b00dfc239d86c7e7160efb334968f0dcf7972641c7c504,04d61cf71bcd9e9ff83d35fa86c82cb0e4d1476c39cb1a87217e7d4dfa4b71af,d5c2a31bd95fc4d602b00dfc239d86c7e7160efb334968f0dcf7972641c7c504,,,external_label_sha_pair,AZ-PILOT-001:pairs.csv,stable_cache_decoded_and_features_extracted,signature/container and possible code/resource changes under same lineage,same lineage should remain similar; technical failures are not low similarity,From AZP-RP-0002; external RePack/GridDroid label.
M0-C01-RP-003,DC-C01-S01-M0,C01,repack,S01;S02;S03;S04;S05,M0,positive_repack,external_pair_label,RePack/GridDroid label via AZ-PILOT-001,external_dataset_label_with_stable_decode_check,strong,AZ-PILOT-001:pairs.csv:AZP-RP-0003,05667ddf242b81000b2d29946a63c1113162c8c72ff13b82464c123da26c64a3,az-repack-AZP-RP-0003,az-repack-05667ddf242b81000b2d29946a63c1113162c8c72ff13b82464c123da26c64a3,M0 materialization and technical checks only; quality claims require M1+ split.,05667ddf242b81000b2d29946a63c1113162c8c72ff13b82464c123da26c64a3,3ff73591ab3c0bd3d8271a3f5b5643154f3e4d6dff7203fbfff052aea71bb9b1,05667ddf242b81000b2d29946a63c1113162c8c72ff13b82464c123da26c64a3,3ff73591ab3c0bd3d8271a3f5b5643154f3e4d6dff7203fbfff052aea71bb9b1,,,external_label_sha_pair,AZ-PILOT-001:pairs.csv,stable_cache_decoded_and_features_extracted,signature/container and possible code/resource changes under same lineage,same lineage should remain similar; technical failures are not low similarity,From AZP-RP-0003; external RePack/GridDroid label.
M0-C01-RP-004,DC-C01-S01-M0,C01,repack,S01;S02;S03;S04;S05,M0,positive_repack,external_pair_label,RePack/GridDroid label via AZ-PILOT-001,external_dataset_label_with_stable_decode_check,strong,AZ-PILOT-001:pairs.csv:AZP-RP-0004,083e11ab8280522404d62963b6118de52d81333d8640c876244687fd1fec065d,az-repack-AZP-RP-0004,az-repack-083e11ab8280522404d62963b6118de52d81333d8640c876244687fd1fec065d,M0 materialization and technical checks only; quality claims require M1+ split.,083e11ab8280522404d62963b6118de52d81333d8640c876244687fd1fec065d,c9f77f0849974a41d6a35cb00e2a4274b4d4a3a5435a1a7ceac645dc32805a03,083e11ab8280522404d62963b6118de52d81333d8640c876244687fd1fec065d,c9f77f0849974a41d6a35cb00e2a4274b4d4a3a5435a1a7ceac645dc32805a03,,,external_label_sha_pair,AZ-PILOT-001:pairs.csv,stable_cache_decoded_and_features_extracted,signature/container and possible code/resource changes under same lineage,same lineage should remain similar; technical failures are not low similarity,From AZP-RP-0004; external RePack/GridDroid label.
M0-C01-RP-005,DC-C01-S01-M0,C01,repack,S01;S02;S03;S04;S05,M0,positive_repack,external_pair_label,RePack/GridDroid label via AZ-PILOT-001,external_dataset_label_with_stable_decode_check,strong,AZ-PILOT-001:pairs.csv:AZP-RP-0005,10eda742fb707dc442217d942923eafa7140e83c4c2c04f477a8ea5368285fe5,az-repack-AZP-RP-0005,az-repack-10eda742fb707dc442217d942923eafa7140e83c4c2c04f477a8ea5368285fe5,M0 materialization and technical checks only; quality claims require M1+ split.,10eda742fb707dc442217d942923eafa7140e83c4c2c04f477a8ea5368285fe5,ccea2daaee5d9ef65876b8b1e7aed79454cd7e501f291ed2aca0e4973ff1075f,10eda742fb707dc442217d942923eafa7140e83c4c2c04f477a8ea5368285fe5,ccea2daaee5d9ef65876b8b1e7aed79454cd7e501f291ed2aca0e4973ff1075f,,,external_label_sha_pair,AZ-PILOT-001:pairs.csv,stable_cache_decoded_and_features_extracted,signature/container and possible code/resource changes under same lineage,same lineage should remain similar; technical failures are not low similarity,From AZP-RP-0005; external RePack/GridDroid label.
M0-C01-RP-006,DC-C01-S01-M0,C01,repack,S01;S02;S03;S04;S05,M0,positive_repack,external_pair_label,RePack/GridDroid label via AZ-PILOT-001,external_dataset_label_with_stable_decode_check,strong,AZ-PILOT-001:pairs.csv:AZP-RP-0006,228e4844ebbea413fbd16b17ba09e96ebdf93c3ba0499edc67ec28b6fea2dadd,az-repack-AZP-RP-0006,az-repack-228e4844ebbea413fbd16b17ba09e96ebdf93c3ba0499edc67ec28b6fea2dadd,M0 materialization and technical checks only; quality claims require M1+ split.,228e4844ebbea413fbd16b17ba09e96ebdf93c3ba0499edc67ec28b6fea2dadd,9d21e7213377abb04cb3134999fd25dc5cae798f9549e605b82f50259507fdef,228e4844ebbea413fbd16b17ba09e96ebdf93c3ba0499edc67ec28b6fea2dadd,9d21e7213377abb04cb3134999fd25dc5cae798f9549e605b82f50259507fdef,,,external_label_sha_pair,AZ-PILOT-001:pairs.csv,stable_cache_decoded_and_features_extracted,signature/container and possible code/resource changes under same lineage,same lineage should remain similar; technical failures are not low similarity,From AZP-RP-0006; external RePack/GridDroid label.
M0-C01-RP-007,DC-C01-S01-M0,C01,repack,S01;S02;S03;S04;S05,M0,positive_repack,external_pair_label,RePack/GridDroid label via AZ-PILOT-001,external_dataset_label_with_stable_decode_check,strong,AZ-PILOT-001:pairs.csv:AZP-RP-0007,256b984de50e7d46d4457ebcbae98f1b1a500fed3ec75659d3834416f1cf68de,az-repack-AZP-RP-0007,az-repack-256b984de50e7d46d4457ebcbae98f1b1a500fed3ec75659d3834416f1cf68de,M0 materialization and technical checks only; quality claims require M1+ split.,256b984de50e7d46d4457ebcbae98f1b1a500fed3ec75659d3834416f1cf68de,6fa7eba67dfd2922c5212040ffb93af73ee38e2371b2609fb670fd65e3aafc3c,256b984de50e7d46d4457ebcbae98f1b1a500fed3ec75659d3834416f1cf68de,6fa7eba67dfd2922c5212040ffb93af73ee38e2371b2609fb670fd65e3aafc3c,,,external_label_sha_pair,AZ-PILOT-001:pairs.csv,stable_cache_decoded_and_features_extracted,signature/container and possible code/resource changes under same lineage,same lineage should remain similar; technical failures are not low similarity,From AZP-RP-0007; external RePack/GridDroid label.
M0-C05-PB-001,DC-C05-S01-M0,C05,code_injection,S01;S02;S03;S04;S05,M0,positive_piggybacking,external_pair_label,Piggybacking label via AZ-PILOT-001,external_dataset_label_with_stable_decode_check,medium,AZ-PILOT-001:pairs.csv:AZP-PB-0001,00575de650f78413c91e8e613adf9099812f325aa9cf36c72e81c79b230f58f4,az-piggybacking-AZP-PB-0001,az-piggybacking-00575de650f78413c91e8e613adf9099812f325aa9cf36c72e81c79b230f58f4,"M0 materialization and technical checks only; quality claims require M1+ split, negative pairs, and explanation rubric.",00575de650f78413c91e8e613adf9099812f325aa9cf36c72e81c79b230f58f4,a55ea5807203ce31470d1905ed30f9267ae3459809dda25c4f339197de6486fe,00575de650f78413c91e8e613adf9099812f325aa9cf36c72e81c79b230f58f4,a55ea5807203ce31470d1905ed30f9267ae3459809dda25c4f339197de6486fe,,,external_label_sha_pair,AZ-PILOT-001:pairs.csv,stable_cache_decoded_and_features_extracted,payload/code added to original APK,original and piggybacked APK should preserve carrier-level similarity while added code appears,From AZP-PB-0001; restored Piggybacking queue label.
M0-C05-PB-002,DC-C05-S01-M0,C05,code_injection,S01;S02;S03;S04;S05,M0,positive_piggybacking,external_pair_label,Piggybacking label via AZ-PILOT-001,external_dataset_label_with_stable_decode_check,medium,AZ-PILOT-001:pairs.csv:AZP-PB-0002,006009db95496d4e42281eb18c6e5ca81132de1489f690fd5b805baff6f4a7c4,az-piggybacking-AZP-PB-0002,az-piggybacking-006009db95496d4e42281eb18c6e5ca81132de1489f690fd5b805baff6f4a7c4,"M0 materialization and technical checks only; quality claims require M1+ split, negative pairs, and explanation rubric.",006009db95496d4e42281eb18c6e5ca81132de1489f690fd5b805baff6f4a7c4,b5610062146d79ca6cdfdca2f42555aee3c5317fdda76bde40b4bd286b4f6a86,006009db95496d4e42281eb18c6e5ca81132de1489f690fd5b805baff6f4a7c4,b5610062146d79ca6cdfdca2f42555aee3c5317fdda76bde40b4bd286b4f6a86,,,external_label_sha_pair,AZ-PILOT-001:pairs.csv,stable_cache_decoded_and_features_extracted,payload/code added to original APK,original and piggybacked APK should preserve carrier-level similarity while added code appears,From AZP-PB-0002; restored Piggybacking queue label.
M0-C05-PB-003,DC-C05-S01-M0,C05,code_injection,S01;S02;S03;S04;S05,M0,positive_piggybacking,external_pair_label,Piggybacking label via AZ-PILOT-001,external_dataset_label_with_stable_decode_check,medium,AZ-PILOT-001:pairs.csv:AZP-PB-0003,009d7e035c1a41ccea8f4332506f3f65b14c673750c1fdb518fad6886a22d931,az-piggybacking-AZP-PB-0003,az-piggybacking-009d7e035c1a41ccea8f4332506f3f65b14c673750c1fdb518fad6886a22d931,"M0 materialization and technical checks only; quality claims require M1+ split, negative pairs, and explanation rubric.",009d7e035c1a41ccea8f4332506f3f65b14c673750c1fdb518fad6886a22d931,03e4b7d80a9cb3c2169f2cf4bad1edfbe14d5a3eb5dfc7caeeacb9a6557bac23,009d7e035c1a41ccea8f4332506f3f65b14c673750c1fdb518fad6886a22d931,03e4b7d80a9cb3c2169f2cf4bad1edfbe14d5a3eb5dfc7caeeacb9a6557bac23,,,external_label_sha_pair,AZ-PILOT-001:pairs.csv,stable_cache_decoded_and_features_extracted,payload/code added to original APK,original and piggybacked APK should preserve carrier-level similarity while added code appears,From AZP-PB-0003; restored Piggybacking queue label.
M0-C05-PB-004,DC-C05-S01-M0,C05,code_injection,S01;S02;S03;S04;S05,M0,positive_piggybacking,external_pair_label,Piggybacking label via AZ-PILOT-001,external_dataset_label_with_stable_decode_check,medium,AZ-PILOT-001:pairs.csv:AZP-PB-0004,00b04cda4f1c6f3a838b0303ec6142d7420164555f08bf337fab45c6a9b51e35,az-piggybacking-AZP-PB-0004,az-piggybacking-00b04cda4f1c6f3a838b0303ec6142d7420164555f08bf337fab45c6a9b51e35,"M0 materialization and technical checks only; quality claims require M1+ split, negative pairs, and explanation rubric.",00b04cda4f1c6f3a838b0303ec6142d7420164555f08bf337fab45c6a9b51e35,a7cb7b66eb8af4f27dc856c942ae2b35505b848a4c891e5cafdd4dba9ff60141,00b04cda4f1c6f3a838b0303ec6142d7420164555f08bf337fab45c6a9b51e35,a7cb7b66eb8af4f27dc856c942ae2b35505b848a4c891e5cafdd4dba9ff60141,,,external_label_sha_pair,AZ-PILOT-001:pairs.csv,stable_cache_decoded_and_features_extracted,payload/code added to original APK,original and piggybacked APK should preserve carrier-level similarity while added code appears,From AZP-PB-0004; restored Piggybacking queue label.
M0-C05-PB-005,DC-C05-S01-M0,C05,code_injection,S01;S02;S03;S04;S05,M0,positive_piggybacking,external_pair_label,Piggybacking label via AZ-PILOT-001,external_dataset_label_with_stable_decode_check,medium,AZ-PILOT-001:pairs.csv:AZP-PB-0005,00c381f40f4084f98ce6c7a9a32a1bbc890123e9244f779aefb491eaf9dcf316,az-piggybacking-AZP-PB-0005,az-piggybacking-00c381f40f4084f98ce6c7a9a32a1bbc890123e9244f779aefb491eaf9dcf316,"M0 materialization and technical checks only; quality claims require M1+ split, negative pairs, and explanation rubric.",00c381f40f4084f98ce6c7a9a32a1bbc890123e9244f779aefb491eaf9dcf316,2dc27146f98e2c993f38e0af9a1604430c98e8861353a2c79c731668903d087d,00c381f40f4084f98ce6c7a9a32a1bbc890123e9244f779aefb491eaf9dcf316,2dc27146f98e2c993f38e0af9a1604430c98e8861353a2c79c731668903d087d,,,external_label_sha_pair,AZ-PILOT-001:pairs.csv,stable_cache_decoded_and_features_extracted,payload/code added to original APK,original and piggybacked APK should preserve carrier-level similarity while added code appears,From AZP-PB-0005; restored Piggybacking queue label.
M0-C05-PB-006,DC-C05-S01-M0,C05,code_injection,S01;S02;S03;S04;S05,M0,positive_piggybacking,external_pair_label,Piggybacking label via AZ-PILOT-001,external_dataset_label_with_stable_decode_check,medium,AZ-PILOT-001:pairs.csv:AZP-PB-0006,013bd1b87581626cc5bdb185d22d4c36476cf30078ac617b02a855cb2e2dd533,az-piggybacking-AZP-PB-0006,az-piggybacking-013bd1b87581626cc5bdb185d22d4c36476cf30078ac617b02a855cb2e2dd533,"M0 materialization and technical checks only; quality claims require M1+ split, negative pairs, and explanation rubric.",013bd1b87581626cc5bdb185d22d4c36476cf30078ac617b02a855cb2e2dd533,7eb06aa2df84855ee73ab3d9dbd4f5128c5c0c98ed3c31901dfc7568b34b7b34,013bd1b87581626cc5bdb185d22d4c36476cf30078ac617b02a855cb2e2dd533,7eb06aa2df84855ee73ab3d9dbd4f5128c5c0c98ed3c31901dfc7568b34b7b34,,,external_label_sha_pair,AZ-PILOT-001:pairs.csv,stable_cache_decoded_and_features_extracted,payload/code added to original APK,original and piggybacked APK should preserve carrier-level similarity while added code appears,From AZP-PB-0006; restored Piggybacking queue label.
M0-C05-PB-007,DC-C05-S01-M0,C05,code_injection,S01;S02;S03;S04;S05,M0,positive_piggybacking,external_pair_label,Piggybacking label via AZ-PILOT-001,external_dataset_label_with_stable_decode_check,medium,AZ-PILOT-001:pairs.csv:AZP-PB-0007,01402b3eefcdc7b4236f9e51a586def98512db08399b204d223c748a942d0d4b,az-piggybacking-AZP-PB-0007,az-piggybacking-01402b3eefcdc7b4236f9e51a586def98512db08399b204d223c748a942d0d4b,"M0 materialization and technical checks only; quality claims require M1+ split, negative pairs, and explanation rubric.",01402b3eefcdc7b4236f9e51a586def98512db08399b204d223c748a942d0d4b,2d1312b1fe86a88cada84ca97946b3c50e157e5bca251373902837d82e9d08f4,01402b3eefcdc7b4236f9e51a586def98512db08399b204d223c748a942d0d4b,2d1312b1fe86a88cada84ca97946b3c50e157e5bca251373902837d82e9d08f4,,,external_label_sha_pair,AZ-PILOT-001:pairs.csv,stable_cache_decoded_and_features_extracted,payload/code added to original APK,original and piggybacked APK should preserve carrier-level similarity while added code appears,From AZP-PB-0007; restored Piggybacking queue label.
M0-C05-PB-008,DC-C05-S01-M0,C05,code_injection,S01;S02;S03;S04;S05,M0,positive_piggybacking,external_pair_label,Piggybacking label via AZ-PILOT-001,external_dataset_label_with_stable_decode_check,medium,AZ-PILOT-001:pairs.csv:AZP-PB-0008,01c32411bda45bb4e3c959a9b1fe5de051475e3afb74fecb8d82e5b629812ae1,az-piggybacking-AZP-PB-0008,az-piggybacking-01c32411bda45bb4e3c959a9b1fe5de051475e3afb74fecb8d82e5b629812ae1,"M0 materialization and technical checks only; quality claims require M1+ split, negative pairs, and explanation rubric.",01c32411bda45bb4e3c959a9b1fe5de051475e3afb74fecb8d82e5b629812ae1,5513a2cefdfdc8123382392b55447d7d46f6f908d0049274972324352a72ba9d,01c32411bda45bb4e3c959a9b1fe5de051475e3afb74fecb8d82e5b629812ae1,5513a2cefdfdc8123382392b55447d7d46f6f908d0049274972324352a72ba9d,,,external_label_sha_pair,AZ-PILOT-001:pairs.csv,stable_cache_decoded_and_features_extracted,payload/code added to original APK,original and piggybacked APK should preserve carrier-level similarity while added code appears,From AZP-PB-0008; restored Piggybacking queue label.
M0-C05-PB-009,DC-C05-S01-M0,C05,code_injection,S01;S02;S03;S04;S05,M0,positive_piggybacking,external_pair_label,Piggybacking label via AZ-PILOT-001,external_dataset_label_with_stable_decode_check,medium,AZ-PILOT-001:pairs.csv:AZP-PB-0009,01d187b35224373928b795974d92ca6396a3496c7eb192de8a4419e29da6848a,az-piggybacking-AZP-PB-0009,az-piggybacking-01d187b35224373928b795974d92ca6396a3496c7eb192de8a4419e29da6848a,"M0 materialization and technical checks only; quality claims require M1+ split, negative pairs, and explanation rubric.",01d187b35224373928b795974d92ca6396a3496c7eb192de8a4419e29da6848a,200ab30072b1ad52712eb89256fc40f93185b8cf7ea064fee8c4e8d774e9436a,01d187b35224373928b795974d92ca6396a3496c7eb192de8a4419e29da6848a,200ab30072b1ad52712eb89256fc40f93185b8cf7ea064fee8c4e8d774e9436a,,,external_label_sha_pair,AZ-PILOT-001:pairs.csv,stable_cache_decoded_and_features_extracted,payload/code added to original APK,original and piggybacked APK should preserve carrier-level similarity while added code appears,From AZP-PB-0009; restored Piggybacking queue label.
M0-C05-PB-010,DC-C05-S01-M0,C05,code_injection,S01;S02;S03;S04;S05,M0,positive_piggybacking,external_pair_label,Piggybacking label via AZ-PILOT-001,external_dataset_label_with_stable_decode_check,medium,AZ-PILOT-001:pairs.csv:AZP-PB-0010,02c76a4c267aba976b6a0cb91a88f1c20e73cdeb7e1ae88eb83632fb76fdd4ef,az-piggybacking-AZP-PB-0010,az-piggybacking-02c76a4c267aba976b6a0cb91a88f1c20e73cdeb7e1ae88eb83632fb76fdd4ef,"M0 materialization and technical checks only; quality claims require M1+ split, negative pairs, and explanation rubric.",02c76a4c267aba976b6a0cb91a88f1c20e73cdeb7e1ae88eb83632fb76fdd4ef,e57856c984afd9519062b59edb5fb995333db2659cc094e256a39beee8d8a084,02c76a4c267aba976b6a0cb91a88f1c20e73cdeb7e1ae88eb83632fb76fdd4ef,e57856c984afd9519062b59edb5fb995333db2659cc094e256a39beee8d8a084,,,external_label_sha_pair,AZ-PILOT-001:pairs.csv,stable_cache_decoded_and_features_extracted,payload/code added to original APK,original and piggybacked APK should preserve carrier-level similarity while added code appears,From AZP-PB-0010; restored Piggybacking queue label.
M0-C05-PB-011,DC-C05-S01-M0,C05,code_injection,S01;S02;S03;S04;S05,M0,positive_piggybacking,external_pair_label,Piggybacking label via AZ-PILOT-001,external_dataset_label_with_stable_decode_check,medium,AZ-PILOT-001:pairs.csv:AZP-PB-0011,02f81f59c60a679b58c918efdfdd9ced368c33c2b13beafd3100fad52d63c9b6,az-piggybacking-AZP-PB-0011,az-piggybacking-02f81f59c60a679b58c918efdfdd9ced368c33c2b13beafd3100fad52d63c9b6,"M0 materialization and technical checks only; quality claims require M1+ split, negative pairs, and explanation rubric.",02f81f59c60a679b58c918efdfdd9ced368c33c2b13beafd3100fad52d63c9b6,dcfa23ca01108b4a6209547e19bbe1eb6ab6836eea35053c6ca6b7567adaabf4,02f81f59c60a679b58c918efdfdd9ced368c33c2b13beafd3100fad52d63c9b6,dcfa23ca01108b4a6209547e19bbe1eb6ab6836eea35053c6ca6b7567adaabf4,,,external_label_sha_pair,AZ-PILOT-001:pairs.csv,stable_cache_decoded_and_features_extracted,payload/code added to original APK,original and piggybacked APK should preserve carrier-level similarity while added code appears,From AZP-PB-0011; restored Piggybacking queue label.
M0-C05-PB-012,DC-C05-S01-M0,C05,code_injection,S01;S02;S03;S04;S05,M0,positive_piggybacking,external_pair_label,Piggybacking label via AZ-PILOT-001,external_dataset_label_with_stable_decode_check,medium,AZ-PILOT-001:pairs.csv:AZP-PB-0012,032b3ab75a6d39dd52e0a2e87e6b0611a9395dddae828b554f029a658d7ed18d,az-piggybacking-AZP-PB-0012,az-piggybacking-032b3ab75a6d39dd52e0a2e87e6b0611a9395dddae828b554f029a658d7ed18d,"M0 materialization and technical checks only; quality claims require M1+ split, negative pairs, and explanation rubric.",032b3ab75a6d39dd52e0a2e87e6b0611a9395dddae828b554f029a658d7ed18d,b2df9856658c9a2366f9974ea73c8d01187a68d1ce39716eb2a9bebbcb0195a2,032b3ab75a6d39dd52e0a2e87e6b0611a9395dddae828b554f029a658d7ed18d,b2df9856658c9a2366f9974ea73c8d01187a68d1ce39716eb2a9bebbcb0195a2,,,external_label_sha_pair,AZ-PILOT-001:pairs.csv,stable_cache_decoded_and_features_extracted,payload/code added to original APK,original and piggybacked APK should preserve carrier-level similarity while added code appears,From AZP-PB-0012; restored Piggybacking queue label.
M0-C05-PB-013,DC-C05-S01-M0,C05,code_injection,S01;S02;S03;S04;S05,M0,positive_piggybacking,external_pair_label,Piggybacking label via AZ-PILOT-001,external_dataset_label_with_stable_decode_check,medium,AZ-PILOT-001:pairs.csv:AZP-PB-0013,032fcfc99fdbff2acc6807f431affdf540d45ddb3cba43e99436018e461c70d8,az-piggybacking-AZP-PB-0013,az-piggybacking-032fcfc99fdbff2acc6807f431affdf540d45ddb3cba43e99436018e461c70d8,"M0 materialization and technical checks only; quality claims require M1+ split, negative pairs, and explanation rubric.",032fcfc99fdbff2acc6807f431affdf540d45ddb3cba43e99436018e461c70d8,365b7de96c392bcb574dec33fbbd1deacdda448ca6374401a3344c3c44ab9285,032fcfc99fdbff2acc6807f431affdf540d45ddb3cba43e99436018e461c70d8,365b7de96c392bcb574dec33fbbd1deacdda448ca6374401a3344c3c44ab9285,,,external_label_sha_pair,AZ-PILOT-001:pairs.csv,stable_cache_decoded_and_features_extracted,payload/code added to original APK,original and piggybacked APK should preserve carrier-level similarity while added code appears,From AZP-PB-0013; restored Piggybacking queue label.
M0-C05-PB-014,DC-C05-S01-M0,C05,code_injection,S01;S02;S03;S04;S05,M0,positive_piggybacking,external_pair_label,Piggybacking label via AZ-PILOT-001,external_dataset_label_with_stable_decode_check,medium,AZ-PILOT-001:pairs.csv:AZP-PB-0014,03828a4cd0d2dca3ec3441802fb35665af42a894b5c794be81a8873a3be4fed7,az-piggybacking-AZP-PB-0014,az-piggybacking-03828a4cd0d2dca3ec3441802fb35665af42a894b5c794be81a8873a3be4fed7,"M0 materialization and technical checks only; quality claims require M1+ split, negative pairs, and explanation rubric.",03828a4cd0d2dca3ec3441802fb35665af42a894b5c794be81a8873a3be4fed7,00b4c41891bc44b63a6a1c4b7aca6b9b645b1b8579bac2597d3503dd504f4612,03828a4cd0d2dca3ec3441802fb35665af42a894b5c794be81a8873a3be4fed7,00b4c41891bc44b63a6a1c4b7aca6b9b645b1b8579bac2597d3503dd504f4612,,,external_label_sha_pair,AZ-PILOT-001:pairs.csv,stable_cache_decoded_and_features_extracted,payload/code added to original APK,original and piggybacked APK should preserve carrier-level similarity while added code appears,From AZP-PB-0014; restored Piggybacking queue label.
M0-C05-PB-015,DC-C05-S01-M0,C05,code_injection,S01;S02;S03;S04;S05,M0,positive_piggybacking,external_pair_label,Piggybacking label via AZ-PILOT-001,external_dataset_label_with_stable_decode_check,medium,AZ-PILOT-001:pairs.csv:AZP-PB-0015,03ae13c1bc8e498058f54c1e30b5ea145208d27e832721cf5271794f4355acd1,az-piggybacking-AZP-PB-0015,az-piggybacking-03ae13c1bc8e498058f54c1e30b5ea145208d27e832721cf5271794f4355acd1,"M0 materialization and technical checks only; quality claims require M1+ split, negative pairs, and explanation rubric.",03ae13c1bc8e498058f54c1e30b5ea145208d27e832721cf5271794f4355acd1,2dce45c852ea20f6731d30a4162fe920a9fbd4892d5193585dcd447f5f5ef4ce,03ae13c1bc8e498058f54c1e30b5ea145208d27e832721cf5271794f4355acd1,2dce45c852ea20f6731d30a4162fe920a9fbd4892d5193585dcd447f5f5ef4ce,,,external_label_sha_pair,AZ-PILOT-001:pairs.csv,stable_cache_decoded_and_features_extracted,payload/code added to original APK,original and piggybacked APK should preserve carrier-level similarity while added code appears,From AZP-PB-0015; restored Piggybacking queue label.
M0-C05-PB-016,DC-C05-S01-M0,C05,code_injection,S01;S02;S03;S04;S05,M0,positive_piggybacking,external_pair_label,Piggybacking label via AZ-PILOT-001,external_dataset_label_with_stable_decode_check,medium,AZ-PILOT-001:pairs.csv:AZP-PB-0016,03c54e3a352343e8208c3a32b1c5ade2731833f59334d18630c3c2ded5f4a31d,az-piggybacking-AZP-PB-0016,az-piggybacking-03c54e3a352343e8208c3a32b1c5ade2731833f59334d18630c3c2ded5f4a31d,"M0 materialization and technical checks only; quality claims require M1+ split, negative pairs, and explanation rubric.",03c54e3a352343e8208c3a32b1c5ade2731833f59334d18630c3c2ded5f4a31d,7afbb915ff66427dbd8f28535e79a66f10fd193ba925ed73d6d495000598f10c,03c54e3a352343e8208c3a32b1c5ade2731833f59334d18630c3c2ded5f4a31d,7afbb915ff66427dbd8f28535e79a66f10fd193ba925ed73d6d495000598f10c,,,external_label_sha_pair,AZ-PILOT-001:pairs.csv,stable_cache_decoded_and_features_extracted,payload/code added to original APK,original and piggybacked APK should preserve carrier-level similarity while added code appears,From AZP-PB-0016; restored Piggybacking queue label.
M0-C05-PB-017,DC-C05-S01-M0,C05,code_injection,S01;S02;S03;S04;S05,M0,positive_piggybacking,external_pair_label,Piggybacking label via AZ-PILOT-001,external_dataset_label_with_stable_decode_check,medium,AZ-PILOT-001:pairs.csv:AZP-PB-0017,040a8b6f58a19f1758438a2bdd7fc8b7bb47e6b1b30c9225243348d2b4a160c8,az-piggybacking-AZP-PB-0017,az-piggybacking-040a8b6f58a19f1758438a2bdd7fc8b7bb47e6b1b30c9225243348d2b4a160c8,"M0 materialization and technical checks only; quality claims require M1+ split, negative pairs, and explanation rubric.",040a8b6f58a19f1758438a2bdd7fc8b7bb47e6b1b30c9225243348d2b4a160c8,104ac59bb3cc508e8ab51117f86b8602c3fa75aa05f667ce4a8caf136d90d8a5,040a8b6f58a19f1758438a2bdd7fc8b7bb47e6b1b30c9225243348d2b4a160c8,104ac59bb3cc508e8ab51117f86b8602c3fa75aa05f667ce4a8caf136d90d8a5,,,external_label_sha_pair,AZ-PILOT-001:pairs.csv,stable_cache_decoded_and_features_extracted,payload/code added to original APK,original and piggybacked APK should preserve carrier-level similarity while added code appears,From AZP-PB-0017; restored Piggybacking queue label.
M0-C05-PB-018,DC-C05-S01-M0,C05,code_injection,S01;S02;S03;S04;S05,M0,positive_piggybacking,external_pair_label,Piggybacking label via AZ-PILOT-001,external_dataset_label_with_stable_decode_check,medium,AZ-PILOT-001:pairs.csv:AZP-PB-0018,045a85182df81bac4c14f03b920aaaa161491c915b49492ba0c83bb5d38f1904,az-piggybacking-AZP-PB-0018,az-piggybacking-045a85182df81bac4c14f03b920aaaa161491c915b49492ba0c83bb5d38f1904,"M0 materialization and technical checks only; quality claims require M1+ split, negative pairs, and explanation rubric.",045a85182df81bac4c14f03b920aaaa161491c915b49492ba0c83bb5d38f1904,c3d7a940ef74ef60c9c98746068b8d09971dfef811b6b32744dbd667fd4c35cc,045a85182df81bac4c14f03b920aaaa161491c915b49492ba0c83bb5d38f1904,c3d7a940ef74ef60c9c98746068b8d09971dfef811b6b32744dbd667fd4c35cc,,,external_label_sha_pair,AZ-PILOT-001:pairs.csv,stable_cache_decoded_and_features_extracted,payload/code added to original APK,original and piggybacked APK should preserve carrier-level similarity while added code appears,From AZP-PB-0018; restored Piggybacking queue label.
M0-C05-PB-019,DC-C05-S01-M0,C05,code_injection,S01;S02;S03;S04;S05,M0,positive_piggybacking,external_pair_label,Piggybacking label via AZ-PILOT-001,external_dataset_label_with_stable_decode_check,medium,AZ-PILOT-001:pairs.csv:AZP-PB-0019,04a219fa7693fee8d189d56297282730f09c3ab71453f4b006ed94fecc1c7b0a,az-piggybacking-AZP-PB-0019,az-piggybacking-04a219fa7693fee8d189d56297282730f09c3ab71453f4b006ed94fecc1c7b0a,"M0 materialization and technical checks only; quality claims require M1+ split, negative pairs, and explanation rubric.",04a219fa7693fee8d189d56297282730f09c3ab71453f4b006ed94fecc1c7b0a,f88e28d3231b3577dfb2eccf4322c3720b313629581384fedfc87a46ff60416e,04a219fa7693fee8d189d56297282730f09c3ab71453f4b006ed94fecc1c7b0a,f88e28d3231b3577dfb2eccf4322c3720b313629581384fedfc87a46ff60416e,,,external_label_sha_pair,AZ-PILOT-001:pairs.csv,stable_cache_decoded_and_features_extracted,payload/code added to original APK,original and piggybacked APK should preserve carrier-level similarity while added code appears,From AZP-PB-0019; restored Piggybacking queue label.
M0-C05-PB-020,DC-C05-S01-M0,C05,code_injection,S01;S02;S03;S04;S05,M0,positive_piggybacking,external_pair_label,Piggybacking label via AZ-PILOT-001,external_dataset_label_with_stable_decode_check,medium,AZ-PILOT-001:pairs.csv:AZP-PB-0020,04f870138480a86bad3e3608c950460ac47ec68d1bc968de0abc9f95baf6b466,az-piggybacking-AZP-PB-0020,az-piggybacking-04f870138480a86bad3e3608c950460ac47ec68d1bc968de0abc9f95baf6b466,"M0 materialization and technical checks only; quality claims require M1+ split, negative pairs, and explanation rubric.",04f870138480a86bad3e3608c950460ac47ec68d1bc968de0abc9f95baf6b466,6547908fbc12cc0b98b76608e78b2661582f498852589e19755013d6c68dd9a7,04f870138480a86bad3e3608c950460ac47ec68d1bc968de0abc9f95baf6b466,6547908fbc12cc0b98b76608e78b2661582f498852589e19755013d6c68dd9a7,,,external_label_sha_pair,AZ-PILOT-001:pairs.csv,stable_cache_decoded_and_features_extracted,payload/code added to original APK,original and piggybacked APK should preserve carrier-level similarity while added code appears,From AZP-PB-0020; restored Piggybacking queue label.
M0-C04-PKG-001,DC-C04-S01-M0,C04,package_rename,S01;S02;S03;S04;S05,M0,positive_package_rename,controlled_local_transformation,android-apps-similarity local simple_app APKs,controlled_build_variant,strong,submodule:apk/simple_app:simple_app-releaseRename.apk,simple_app,local-simple-app-family,local-simple-app-family,M0 technical check only; reused local family is not independent quality evidence.,simple_app-releaseNonOptimized,simple_app-releaseRename,b0c8faaa2c8d1060f63ec265b17e96358de9508bec3f819c4af25cea1a7506b6,78bf0e9e6b863773805434f9460569c2dfb23786ed15f866800f12171829734e,apk/simple_app/simple_app-releaseNonOptimized.apk,apk/simple_app/simple_app-releaseRename.apk,local_apk_pair,submodule:apk/simple_app,runnable_local,package/class namespace renamed,behavior and core code should remain similar,Small local APK pair; suitable for M0 only.
M0-C06-R8-001,DC-C06-S01-M0,C06,r8_obfuscation,S01;S02;S03;S04;S05,M0,positive_r8_optimization,controlled_local_transformation,android-apps-similarity local simple_app APKs,controlled_r8_build_variant,strong,submodule:apk/simple_app:simple_app-releaseOptimized.apk,simple_app,local-simple-app-family,local-simple-app-family,M0 technical check only; reused local family is not independent quality evidence.,simple_app-releaseNonOptimized,simple_app-releaseOptimized,b0c8faaa2c8d1060f63ec265b17e96358de9508bec3f819c4af25cea1a7506b6,cf18973920959d1d56561a9819e263c159d79bc0a8848d356fe8a8a4dd928d16,apk/simple_app/simple_app-releaseNonOptimized.apk,apk/simple_app/simple_app-releaseOptimized.apk,local_apk_pair,experiments/artifacts/E-SOTA-008/robustness-benchmark-v1.csv,runnable_local_with_prior_scores,R8 optimization changes bytecode structure,app should remain functionally same and similar at multi-view level,Uses local simple_app APKs and robustness benchmark record.
M0-C08-DEL-001,DC-C08-S01-M0,C08,code_deletion,S01;S02;S03;S04;S05,M0,extreme_code_deletion_or_code_empty,controlled_local_extreme_case,android-apps-similarity local simple_app APKs,controlled_code_empty_variant,medium,submodule:apk/simple_app:simple_app-empty.apk,simple_app,local-simple-app-family,local-simple-app-family,M0 boundary check only; do not use as ordinary code-deletion quality evidence.,simple_app-releaseNonOptimized,simple_app-empty,b0c8faaa2c8d1060f63ec265b17e96358de9508bec3f819c4af25cea1a7506b6,e9e666e5e67d37ad0958dae5a737e1ca362acc17b8f2566b5b8d7a3ea6485d4d,apk/simple_app/simple_app-releaseNonOptimized.apk,apk/simple_app/simple_app-empty.apk,local_apk_pair,experiments/artifacts/E-SOTA-008/robustness-benchmark-v1.csv,runnable_local_extreme_case,code removed to code-empty APK,"analysis should record missing bytecode/failure boundary, not silently treat as ordinary low similarity",Extreme M0 deletion seed; overlaps failure robustness.
M0-F01-FAIL-001,DC-F01-S06-M0,F01,analysis_failure,S06,M0,code_empty_apk,controlled_local_failure_case,android-apps-similarity local simple_app APKs,controlled_code_empty_apk,strong,submodule:apk/simple_app/simple_app-empty.apk,simple_app-empty,local-simple-app-family,local-simple-app-family,M0 failure handling check only; not a similarity quality claim.,simple_app-empty,,e9e666e5e67d37ad0958dae5a737e1ca362acc17b8f2566b5b8d7a3ea6485d4d,,apk/simple_app/simple_app-empty.apk,,local_apk_single,submodule:apk/simple_app/simple_app-empty.apk,runnable_local_failure_seed,missing or empty bytecode,"failure must be reported as analysis_failed, not score=0 similarity",Single APK failure seed stored as pair row with empty right side for CSV compatibility.
M0-C02-LIB-REPORT-001,DC-C02-S01-M0,C02,library_injection,S01;S02;S03;S04;S05,M0,library_noise_synthetic_control,report_backed_record_without_apk,DEEP-21 report,synthetic_library_control_report_record,weak,DEEP-21-SHORTCUT-LIBRARY-REDUCED-CONTROL/report.json:example-1,borderline_a_0,deep21-library-report,report-record-without-apk,Planning and report replay only; no APK runtime or quality claims.,borderline_a_0,borderline_b_0,,,,,report_backed_synthetic_pair,DEEP-21-SHORTCUT-LIBRARY-REDUCED-CONTROL/report.json,report_backed_not_runnable,shared library shortcut or library-induced false positive pressure,library-reduced score should reduce shortcut pressure,Synthetic report-backed M0 seed; concrete APK pair still needed.
M0-C02-LIB-REPORT-002,DC-C02-S01-M0,C02,library_injection,S01;S02;S03;S04;S05,M0,library_noise_synthetic_control,report_backed_record_without_apk,DEEP-21 report,synthetic_library_control_report_record,weak,DEEP-21-SHORTCUT-LIBRARY-REDUCED-CONTROL/report.json:example-2,vk_app_7,deep21-library-report,report-record-without-apk,Planning and report replay only; no APK runtime or quality claims.,vk_app_7,vk_app_8,,,,,report_backed_synthetic_pair,DEEP-21-SHORTCUT-LIBRARY-REDUCED-CONTROL/report.json,report_backed_not_runnable,shared library shortcut or library-induced false positive pressure,library-reduced score should reduce shortcut pressure,Synthetic report-backed M0 seed; concrete APK pair still needed.
M0-C02-LIB-REPORT-003,DC-C02-S01-M0,C02,library_injection,S01;S02;S03;S04;S05,M0,library_noise_synthetic_control,report_backed_record_without_apk,DEEP-21 report,synthetic_library_control_report_record,weak,DEEP-21-SHORTCUT-LIBRARY-REDUCED-CONTROL/report.json:example-3,vk_app_1,deep21-library-report,report-record-without-apk,Planning and report replay only; no APK runtime or quality claims.,vk_app_1,vk_app_2,,,,,report_backed_synthetic_pair,DEEP-21-SHORTCUT-LIBRARY-REDUCED-CONTROL/report.json,report_backed_not_runnable,shared library shortcut or library-induced false positive pressure,library-reduced score should reduce shortcut pressure,Synthetic report-backed M0 seed; concrete APK pair still needed.
M0-C03-RES-REPORT-001,DC-C03-S01-M0,C03,resource_change,S01;S02;S03;S04;S05,M0,resource_icon_brightness_change,report_backed_record_without_apk,REPR-30 icon modification report,synthetic_resource_modification_report_record,weak,REPR-30-ICON-MOD-SYNTH/report.json:brightness-1,InfinityLoop1309.NewPipeEnhanced_109503.apk,repr30-icon-brightness-report,report-record-without-apk,Planning and report replay only; no APK runtime or quality claims.,InfinityLoop1309.NewPipeEnhanced_109503.apk,InfinityLoop1309.NewPipeEnhanced_109503.apk#brightness,,,,,report_backed_resource_pair,REPR-30-ICON-MOD-SYNTH/report.json,report_backed_not_runnable,launcher icon brightness modification,package and code stay same; resource hash changes should be localized,Report-backed icon modification; modified APK not stored in git.
M0-C03-RES-REPORT-002,DC-C03-S01-M0,C03,resource_change,S01;S02;S03;S04;S05,M0,resource_icon_brightness_change,report_backed_record_without_apk,REPR-30 icon modification report,synthetic_resource_modification_report_record,weak,REPR-30-ICON-MOD-SYNTH/report.json:brightness-2,InfinityLoop1309.NewPipeEnhanced_109504.apk,repr30-icon-brightness-report,report-record-without-apk,Planning and report replay only; no APK runtime or quality claims.,InfinityLoop1309.NewPipeEnhanced_109504.apk,InfinityLoop1309.NewPipeEnhanced_109504.apk#brightness,,,,,report_backed_resource_pair,REPR-30-ICON-MOD-SYNTH/report.json,report_backed_not_runnable,launcher icon brightness modification,package and code stay same; resource hash changes should be localized,Report-backed icon modification; modified APK not stored in git.
M0-C03-RES-REPORT-003,DC-C03-S01-M0,C03,resource_change,S01;S02;S03;S04;S05,M0,resource_icon_brightness_change,report_backed_record_without_apk,REPR-30 icon modification report,synthetic_resource_modification_report_record,weak,REPR-30-ICON-MOD-SYNTH/report.json:brightness-3,a2dp.Vol_169.apk,repr30-icon-brightness-report,report-record-without-apk,Planning and report replay only; no APK runtime or quality claims.,a2dp.Vol_169.apk,a2dp.Vol_169.apk#brightness,,,,,report_backed_resource_pair,REPR-30-ICON-MOD-SYNTH/report.json,report_backed_not_runnable,launcher icon brightness modification,package and code stay same; resource hash changes should be localized,Report-backed icon modification; modified APK not stored in git.
M0-C02-LIB-APK-001,DC-C02-S01-M0,C02,library_injection,S01;S02;S03;S04;S05,M0,positive_library_injection,controlled_generated_transformation,M0 controlled local APK materializer,controlled_synthetic_library_package_injection,strong,m0/m0_controlled_materialization.csv:M0-C02-LIB-APK-001,m0-familya,m0-controlled-familya,m0-controlled-familya,M0 technical and diagnostic use only; synthetic pair is not real-world quality evidence.,m0-familya-base,m0-familya-library-injected,41f77e16e8da344d7a89dd070e132567f1df427189b58cd90d7405d2d65eb62d,9b7e49a16e02535735e71b863b3910300686c8a0e8ed1f2e923fc5ff8f85ac06,m0/generated-apks/M0-C02-LIB-APK-001/left.apk,m0/generated-apks/M0-C02-LIB-APK-001/right.apk,controlled_generated_apk_pair,M0-CONTROLLED-GENERATED:materializer,generated_local_verified,new synthetic library-like package com.phd.m0.syntheticlib.* added,manifest package and base app classes stay unchanged,Synthetic library-like M0 pair; no claim about real SDK behavior.
M0-C03-RES-APK-001,DC-C03-S01-M0,C03,resource_change,S01;S02;S03;S04;S05,M0,positive_resource_change,controlled_generated_transformation,M0 controlled local APK materializer,controlled_resource_table_change,strong,m0/m0_controlled_materialization.csv:M0-C03-RES-APK-001,m0-familya,m0-controlled-familya,m0-controlled-familya,M0 technical and diagnostic use only; synthetic pair is not real-world quality evidence.,m0-familya-base,m0-familya-resource-changed,1441d2dcb6cc02efc44145360041caa06535623c663f049cf9d81bd452efc2cf,311d20d49566e4eb754f9056a7a853fa0a57742768a6dd388b76d793061246cf,m0/generated-apks/M0-C03-RES-APK-001/left.apk,m0/generated-apks/M0-C03-RES-APK-001/right.apk,controlled_generated_apk_pair,M0-CONTROLLED-GENERATED:materializer,generated_local_verified,string resource changed and res/raw/m0_resource_marker.txt added,dex class set stays unchanged,Synthetic resource-only M0 pair.
M0-C04-PKG-APK-002,DC-C04-S01-M0,C04,package_rename,S01;S02;S03;S04;S05,M0,positive_package_rename,controlled_generated_transformation,M0 controlled local APK materializer,controlled_package_namespace_generation,strong,m0/m0_controlled_materialization.csv:M0-C04-PKG-APK-002,m0-familya,m0-controlled-familya,m0-controlled-familya,M0 technical and diagnostic use only; synthetic pair is not real-world quality evidence.,m0-familya-base,m0-familya-package-renamed,36425a8f13b0836794e118649dcae01d10adcf51953ab42a235b523f1837ba3f,1ef1f0920da61fcb1d3f92294374afe9f71f340cded0230f1ba134a2c78c0b68,m0/generated-apks/M0-C04-PKG-APK-002/left.apk,m0/generated-apks/M0-C04-PKG-APK-002/right.apk,controlled_generated_apk_pair,M0-CONTROLLED-GENERATED:materializer,generated_local_verified,manifest and class namespace changed to com.phd.m0.renamed.familya,same generated class count and method bodies,Synthetic package rename M0 pair.
M0-C06-OBF-APK-002,DC-C06-S01-M0,C06,r8_obfuscation,S01;S02;S03;S04;S05,M0,positive_obfuscation_like_rename,controlled_generated_transformation,M0 controlled local APK materializer,controlled_obfuscation_like_symbol_rename,medium,m0/m0_controlled_materialization.csv:M0-C06-OBF-APK-002,m0-familya,m0-controlled-familya,m0-controlled-familya,M0 technical and diagnostic use only; synthetic pair is not real-world quality evidence.,m0-familya-base,m0-familya-obfuscated,9279e54472cf2071ab25bd2a2a2ec4ade59f1e727a27e0b17f0f72784570b294,76dca2fec3934bb7ce4c4d51340ac5b0f26b900de1ca2b1a91eb0b0f06d4b2e9,m0/generated-apks/M0-C06-OBF-APK-002/left.apk,m0/generated-apks/M0-C06-OBF-APK-002/right.apk,controlled_generated_apk_pair,M0-CONTROLLED-GENERATED:materializer,generated_local_verified,class and method names shortened in the same package,same generated class count and method bodies,M0 obfuscation-like pair; not a real R8 compiler output.
M0-C07-NATIVE-APK-001,DC-C07-S01-M0,C07,native_lib_change,S01;S02;S03;S04;S05,M0,positive_native_lib_added,controlled_generated_transformation,M0 controlled local APK materializer,controlled_native_library_file_addition,strong,m0/m0_controlled_materialization.csv:M0-C07-NATIVE-APK-001,m0-familya,m0-controlled-familya,m0-controlled-familya,M0 technical and diagnostic use only; synthetic pair is not real-world quality evidence.,m0-familya-base,m0-familya-native-lib-added,e3ecbc6fac91918f962fa060047fbed0f5eb1f576707f335f8f4633698481725,8583b1ae7758a92f85b672bf98d39623789feb20490bb670015b7f842e7315bf,m0/generated-apks/M0-C07-NATIVE-APK-001/left.apk,m0/generated-apks/M0-C07-NATIVE-APK-001/right.apk,controlled_generated_apk_pair,M0-CONTROLLED-GENERATED:materializer,generated_local_verified,lib/armeabi-v7a/libm0native.so added,manifest and dex class set stay unchanged,Synthetic native inventory M0 pair; the .so is a minimal marker file.
M0-C08-DEL-APK-002,DC-C08-S01-M0,C08,code_deletion,S01;S02;S03;S04;S05,M0,positive_code_deletion,controlled_generated_transformation,M0 controlled local APK materializer,controlled_class_deletion,strong,m0/m0_controlled_materialization.csv:M0-C08-DEL-APK-002,m0-familya,m0-controlled-familya,m0-controlled-familya,M0 technical and diagnostic use only; synthetic pair is not real-world quality evidence.,m0-familya-base,m0-familya-code-deleted,d8e028924c59178311eefd130e3166ab9d00945cf46765776f84f406bd2b3e65,d8809ad982575cd38dcd88d0067e2d4b9bfc7c9ec3674843872400c5649fadea,m0/generated-apks/M0-C08-DEL-APK-002/left.apk,m0/generated-apks/M0-C08-DEL-APK-002/right.apk,controlled_generated_apk_pair,M0-CONTROLLED-GENERATED:materializer,generated_local_verified,generated class count reduced from 6 to 3,manifest package and resources stay unchanged,Synthetic code deletion M0 pair.
M0-C09-MDEX-APK-001,DC-C09-S01-M0,C09,multidex_change,S01;S02;S03;S04;S05,M0,positive_multidex_split,controlled_generated_transformation,M0 controlled local APK materializer,controlled_multidex_split,strong,m0/m0_controlled_materialization.csv:M0-C09-MDEX-APK-001,m0-familya,m0-controlled-familya,m0-controlled-familya,M0 technical and diagnostic use only; synthetic pair is not real-world quality evidence.,m0-familya-base,m0-familya-multidex-split,eef86e22f9d18b55991e8939e307eb0260439a86d6827943d272e84871cf2a62,fc53766d96acda1c44af48779156a28e0c566e02931d09f691db60057f7f115f,m0/generated-apks/M0-C09-MDEX-APK-001/left.apk,m0/generated-apks/M0-C09-MDEX-APK-001/right.apk,controlled_generated_apk_pair,M0-CONTROLLED-GENERATED:materializer,generated_local_verified,same generated classes split across classes.dex and classes2.dex,generated class count stays 10,Synthetic multidex M0 pair.
M0-F01-FAIL-APK-002,DC-F01-S06-M0,F01,analysis_failure,S06,M0,code_empty_apk,controlled_generated_transformation,M0 controlled local APK materializer,controlled_code_empty_apk_generation,strong,m0/m0_controlled_materialization.csv:M0-F01-FAIL-APK-002,m0-familya,m0-controlled-familya,m0-controlled-familya,M0 technical and diagnostic use only; synthetic pair is not real-world quality evidence.,m0-familya-base,,53ac98b6727057e9428a89ba9008eb4a2166aa442964867589c95dbdaaf0c36f,,m0/generated-apks/M0-F01-FAIL-APK-002/left.apk,,controlled_generated_failure_apk,M0-CONTROLLED-GENERATED:materializer,generated_local_verified,APK has manifest and resources but no classes.dex,"failure must be reported as analysis_failed, not score=0",Synthetic code-empty failure case.
M0-C02-LIB-APK-002,DC-C02-S01-M0,C02,library_injection,S01;S02;S03;S04;S05,M0,positive_library_injection,controlled_generated_transformation,M0 controlled local APK materializer,controlled_synthetic_library_package_injection,strong,m0/m0_controlled_materialization.csv:M0-C02-LIB-APK-002,m0-familyb,m0-controlled-familyb,m0-controlled-familyb,M0 technical and diagnostic use only; synthetic pair is not real-world quality evidence.,m0-familyb-base,m0-familyb-library-injected,bb78b8453a5db6060ba428e33e724685c85880ddfd2d935673bb9bbae7c11ca2,3d573d996e632d1554247282b471ccfe77b3c4bfeffafb9caadf2ef4090a7468,m0/generated-apks/M0-C02-LIB-APK-002/left.apk,m0/generated-apks/M0-C02-LIB-APK-002/right.apk,controlled_generated_apk_pair,M0-CONTROLLED-GENERATED:materializer,generated_local_verified,new synthetic library-like package com.phd.m0.syntheticlib.* added,manifest package and base app classes stay unchanged,Synthetic library-like M0 pair; no claim about real SDK behavior.
M0-C03-RES-APK-002,DC-C03-S01-M0,C03,resource_change,S01;S02;S03;S04;S05,M0,positive_resource_change,controlled_generated_transformation,M0 controlled local APK materializer,controlled_resource_table_change,strong,m0/m0_controlled_materialization.csv:M0-C03-RES-APK-002,m0-familyb,m0-controlled-familyb,m0-controlled-familyb,M0 technical and diagnostic use only; synthetic pair is not real-world quality evidence.,m0-familyb-base,m0-familyb-resource-changed,d862ea4103a9c3d21c54fe1e716b9216064a0f264ceee65f22fbaac5fe8ee9a2,e3d131e8225879141773646b2e748df7b924bf8c4b1f6e79a8f466679aaa07b6,m0/generated-apks/M0-C03-RES-APK-002/left.apk,m0/generated-apks/M0-C03-RES-APK-002/right.apk,controlled_generated_apk_pair,M0-CONTROLLED-GENERATED:materializer,generated_local_verified,string resource changed and res/raw/m0_resource_marker.txt added,dex class set stays unchanged,Synthetic resource-only M0 pair.
M0-C04-PKG-APK-003,DC-C04-S01-M0,C04,package_rename,S01;S02;S03;S04;S05,M0,positive_package_rename,controlled_generated_transformation,M0 controlled local APK materializer,controlled_package_namespace_generation,strong,m0/m0_controlled_materialization.csv:M0-C04-PKG-APK-003,m0-familyb,m0-controlled-familyb,m0-controlled-familyb,M0 technical and diagnostic use only; synthetic pair is not real-world quality evidence.,m0-familyb-base,m0-familyb-package-renamed,9f24f2f77bf1822351e2383a434d23e743d8db99ef0620a19fe13be7d0cef550,14b83e2be9fd605e4fb22f6941e8fb9c787a72240cb8961e2f8417e24d7fda67,m0/generated-apks/M0-C04-PKG-APK-003/left.apk,m0/generated-apks/M0-C04-PKG-APK-003/right.apk,controlled_generated_apk_pair,M0-CONTROLLED-GENERATED:materializer,generated_local_verified,manifest and class namespace changed to com.phd.m0.renamed.familyb,same generated class count and method bodies,Synthetic package rename M0 pair.
M0-C06-OBF-APK-003,DC-C06-S01-M0,C06,r8_obfuscation,S01;S02;S03;S04;S05,M0,positive_obfuscation_like_rename,controlled_generated_transformation,M0 controlled local APK materializer,controlled_obfuscation_like_symbol_rename,medium,m0/m0_controlled_materialization.csv:M0-C06-OBF-APK-003,m0-familyb,m0-controlled-familyb,m0-controlled-familyb,M0 technical and diagnostic use only; synthetic pair is not real-world quality evidence.,m0-familyb-base,m0-familyb-obfuscated,f60340afd15c6adfee50255d57ff63934d273047c70f7c7a3a89a0313965aec3,ed3e0b89afd5692a82d6e0082fd8b7fa42a6866bb927e15e02ee6f7ea8cb7564,m0/generated-apks/M0-C06-OBF-APK-003/left.apk,m0/generated-apks/M0-C06-OBF-APK-003/right.apk,controlled_generated_apk_pair,M0-CONTROLLED-GENERATED:materializer,generated_local_verified,class and method names shortened in the same package,same generated class count and method bodies,M0 obfuscation-like pair; not a real R8 compiler output.
M0-C07-NATIVE-APK-002,DC-C07-S01-M0,C07,native_lib_change,S01;S02;S03;S04;S05,M0,positive_native_lib_added,controlled_generated_transformation,M0 controlled local APK materializer,controlled_native_library_file_addition,strong,m0/m0_controlled_materialization.csv:M0-C07-NATIVE-APK-002,m0-familyb,m0-controlled-familyb,m0-controlled-familyb,M0 technical and diagnostic use only; synthetic pair is not real-world quality evidence.,m0-familyb-base,m0-familyb-native-lib-added,7652d04595a8325be769a34e2b91e44d203123e9c02bebf6b5a4d7814cf055ed,4e24e0cc39590edf53f30ff7ae4ed288dc14a644f7970b3d477d0a54c92ee477,m0/generated-apks/M0-C07-NATIVE-APK-002/left.apk,m0/generated-apks/M0-C07-NATIVE-APK-002/right.apk,controlled_generated_apk_pair,M0-CONTROLLED-GENERATED:materializer,generated_local_verified,lib/armeabi-v7a/libm0native.so added,manifest and dex class set stay unchanged,Synthetic native inventory M0 pair; the .so is a minimal marker file.
M0-C08-DEL-APK-003,DC-C08-S01-M0,C08,code_deletion,S01;S02;S03;S04;S05,M0,positive_code_deletion,controlled_generated_transformation,M0 controlled local APK materializer,controlled_class_deletion,strong,m0/m0_controlled_materialization.csv:M0-C08-DEL-APK-003,m0-familyb,m0-controlled-familyb,m0-controlled-familyb,M0 technical and diagnostic use only; synthetic pair is not real-world quality evidence.,m0-familyb-base,m0-familyb-code-deleted,5adf0356ce7210af233b167702522ac784af05293a021f8da04c6ec04c634fae,bdd734bf065a28d990b8d06da046d576fbed32f209f7f8bd8e3a7122f60c7e79,m0/generated-apks/M0-C08-DEL-APK-003/left.apk,m0/generated-apks/M0-C08-DEL-APK-003/right.apk,controlled_generated_apk_pair,M0-CONTROLLED-GENERATED:materializer,generated_local_verified,generated class count reduced from 6 to 3,manifest package and resources stay unchanged,Synthetic code deletion M0 pair.
M0-C09-MDEX-APK-002,DC-C09-S01-M0,C09,multidex_change,S01;S02;S03;S04;S05,M0,positive_multidex_split,controlled_generated_transformation,M0 controlled local APK materializer,controlled_multidex_split,strong,m0/m0_controlled_materialization.csv:M0-C09-MDEX-APK-002,m0-familyb,m0-controlled-familyb,m0-controlled-familyb,M0 technical and diagnostic use only; synthetic pair is not real-world quality evidence.,m0-familyb-base,m0-familyb-multidex-split,6634ac86c87726dea2ce6e842d542f92c10e095e7c534716cd9f2e9c40c919db,5435812b61b892dcc9696c61e33d176f59e021996caca07f94d35d9bfe3ca106,m0/generated-apks/M0-C09-MDEX-APK-002/left.apk,m0/generated-apks/M0-C09-MDEX-APK-002/right.apk,controlled_generated_apk_pair,M0-CONTROLLED-GENERATED:materializer,generated_local_verified,same generated classes split across classes.dex and classes2.dex,generated class count stays 10,Synthetic multidex M0 pair.
M0-F01-FAIL-APK-003,DC-F01-S06-M0,F01,analysis_failure,S06,M0,code_empty_apk,controlled_generated_transformation,M0 controlled local APK materializer,controlled_code_empty_apk_generation,strong,m0/m0_controlled_materialization.csv:M0-F01-FAIL-APK-003,m0-familyb,m0-controlled-familyb,m0-controlled-familyb,M0 technical and diagnostic use only; synthetic pair is not real-world quality evidence.,m0-familyb-base,,e40b018b3e86a1374bf5ecea8aa1131202b4c1199cf26b03703e635b477d793f,,m0/generated-apks/M0-F01-FAIL-APK-003/left.apk,,controlled_generated_failure_apk,M0-CONTROLLED-GENERATED:materializer,generated_local_verified,APK has manifest and resources but no classes.dex,"failure must be reported as analysis_failed, not score=0",Synthetic code-empty failure case.
M0-C09-MDEX-REPORT-001,DC-C09-S01-M0,C09,multidex_change,S01;S02;S03;S04;S05,M0,positive_multidex_restructure,report_backed_record_without_apk,SYS-31 multidex regression report,synthetic_multidex_regression_report_record,weak,SYS-31-MULTIDEX-REGRESSION/report.json:per_pair_score-1,a2dp.Vol_169,sys31-multidex-report,report-record-without-apk,Planning and report replay only; no APK runtime or quality claims.,a2dp.Vol_169,a2dp.Vol_169#multidex_restructured,,,,,report_backed_multidex_pair,SYS-31-MULTIDEX-REGRESSION/report.json,report_backed_not_runnable,classes redistributed across dex/smali containers,method set should remain invariant,Report-backed M0 seed; restructured APK path was temporary.
M0-C09-MDEX-REPORT-002,DC-C09-S01-M0,C09,multidex_change,S01;S02;S03;S04;S05,M0,positive_multidex_restructure,report_backed_record_without_apk,SYS-31 multidex regression report,synthetic_multidex_regression_report_record,weak,SYS-31-MULTIDEX-REGRESSION/report.json:per_pair_score-2,ademar.bitac_7,sys31-multidex-report,report-record-without-apk,Planning and report replay only; no APK runtime or quality claims.,ademar.bitac_7,ademar.bitac_7#multidex_restructured,,,,,report_backed_multidex_pair,SYS-31-MULTIDEX-REGRESSION/report.json,report_backed_not_runnable,classes redistributed across dex/smali containers,method set should remain invariant,Report-backed M0 seed; restructured APK path was temporary.
M0-C09-MDEX-REPORT-003,DC-C09-S01-M0,C09,multidex_change,S01;S02;S03;S04;S05,M0,positive_multidex_restructure,report_backed_record_without_apk,SYS-31 multidex regression report,synthetic_multidex_regression_report_record,weak,SYS-31-MULTIDEX-REGRESSION/report.json:per_pair_score-3,ademar.textlauncher_9,sys31-multidex-report,report-record-without-apk,Planning and report replay only; no APK runtime or quality claims.,ademar.textlauncher_9,ademar.textlauncher_9#multidex_restructured,,,,,report_backed_multidex_pair,SYS-31-MULTIDEX-REGRESSION/report.json,report_backed_not_runnable,classes redistributed across dex/smali containers,method set should remain invariant,Report-backed M0 seed; restructured APK path was temporary.
