pair_id,change_tag,tag_source,tag_confidence,tag_evidence
DC-C06-S01-M1-POS-0001,r8_obfuscation,controlled_generation_rule,medium,DC-C06-S01-M1-CAND-0001
DC-C06-S01-M1-POS-0001,obfuscation_like_symbol_rename,controlled_generation_rule,medium,DC-C06-S01-M1-CAND-0001
DC-C06-S01-M1-POS-0001,class_set_change,feature_delta_smoke,strong,classes_jaccard=0.0000
DC-C06-S01-M1-POS-0002,r8_obfuscation,controlled_generation_rule,medium,DC-C06-S01-M1-CAND-0002
DC-C06-S01-M1-POS-0002,obfuscation_like_symbol_rename,controlled_generation_rule,medium,DC-C06-S01-M1-CAND-0002
DC-C06-S01-M1-POS-0002,class_set_change,feature_delta_smoke,strong,classes_jaccard=0.0000
DC-C06-S01-M1-POS-0003,r8_obfuscation,controlled_generation_rule,medium,DC-C06-S01-M1-CAND-0003
DC-C06-S01-M1-POS-0003,obfuscation_like_symbol_rename,controlled_generation_rule,medium,DC-C06-S01-M1-CAND-0003
DC-C06-S01-M1-POS-0003,class_set_change,feature_delta_smoke,strong,classes_jaccard=0.0000
DC-C06-S01-M1-POS-0004,r8_obfuscation,controlled_generation_rule,medium,DC-C06-S01-M1-CAND-0004
DC-C06-S01-M1-POS-0004,obfuscation_like_symbol_rename,controlled_generation_rule,medium,DC-C06-S01-M1-CAND-0004
DC-C06-S01-M1-POS-0004,class_set_change,feature_delta_smoke,strong,classes_jaccard=0.0000
DC-C06-S01-M1-POS-0005,r8_obfuscation,controlled_generation_rule,medium,DC-C06-S01-M1-CAND-0005
DC-C06-S01-M1-POS-0005,obfuscation_like_symbol_rename,controlled_generation_rule,medium,DC-C06-S01-M1-CAND-0005
DC-C06-S01-M1-POS-0005,class_set_change,feature_delta_smoke,strong,classes_jaccard=0.0000
DC-C06-S01-M1-POS-0006,r8_obfuscation,controlled_generation_rule,medium,DC-C06-S01-M1-CAND-0006
DC-C06-S01-M1-POS-0006,obfuscation_like_symbol_rename,controlled_generation_rule,medium,DC-C06-S01-M1-CAND-0006
DC-C06-S01-M1-POS-0006,class_set_change,feature_delta_smoke,strong,classes_jaccard=0.0000
DC-C06-S01-M1-POS-0007,r8_obfuscation,controlled_generation_rule,medium,DC-C06-S01-M1-CAND-0007
DC-C06-S01-M1-POS-0007,obfuscation_like_symbol_rename,controlled_generation_rule,medium,DC-C06-S01-M1-CAND-0007
DC-C06-S01-M1-POS-0007,class_set_change,feature_delta_smoke,strong,classes_jaccard=0.0000
DC-C06-S01-M1-POS-0008,r8_obfuscation,controlled_generation_rule,medium,DC-C06-S01-M1-CAND-0008
DC-C06-S01-M1-POS-0008,obfuscation_like_symbol_rename,controlled_generation_rule,medium,DC-C06-S01-M1-CAND-0008
DC-C06-S01-M1-POS-0008,class_set_change,feature_delta_smoke,strong,classes_jaccard=0.0000
DC-C06-S01-M1-POS-0009,r8_obfuscation,controlled_generation_rule,medium,DC-C06-S01-M1-CAND-0009
DC-C06-S01-M1-POS-0009,obfuscation_like_symbol_rename,controlled_generation_rule,medium,DC-C06-S01-M1-CAND-0009
DC-C06-S01-M1-POS-0009,class_set_change,feature_delta_smoke,strong,classes_jaccard=0.0000
DC-C06-S01-M1-POS-0010,r8_obfuscation,controlled_generation_rule,medium,DC-C06-S01-M1-CAND-0010
DC-C06-S01-M1-POS-0010,obfuscation_like_symbol_rename,controlled_generation_rule,medium,DC-C06-S01-M1-CAND-0010
DC-C06-S01-M1-POS-0010,class_set_change,feature_delta_smoke,strong,classes_jaccard=0.0000
DC-C06-S01-M1-POS-0011,r8_obfuscation,controlled_generation_rule,medium,DC-C06-S01-M1-CAND-0011
DC-C06-S01-M1-POS-0011,obfuscation_like_symbol_rename,controlled_generation_rule,medium,DC-C06-S01-M1-CAND-0011
DC-C06-S01-M1-POS-0011,class_set_change,feature_delta_smoke,strong,classes_jaccard=0.0000
DC-C06-S01-M1-POS-0012,r8_obfuscation,controlled_generation_rule,medium,DC-C06-S01-M1-CAND-0012
DC-C06-S01-M1-POS-0012,obfuscation_like_symbol_rename,controlled_generation_rule,medium,DC-C06-S01-M1-CAND-0012
DC-C06-S01-M1-POS-0012,class_set_change,feature_delta_smoke,strong,classes_jaccard=0.0000
DC-C06-S01-M1-POS-0013,r8_obfuscation,controlled_generation_rule,medium,DC-C06-S01-M1-CAND-0013
DC-C06-S01-M1-POS-0013,obfuscation_like_symbol_rename,controlled_generation_rule,medium,DC-C06-S01-M1-CAND-0013
DC-C06-S01-M1-POS-0013,class_set_change,feature_delta_smoke,strong,classes_jaccard=0.0000
DC-C06-S01-M1-POS-0014,r8_obfuscation,controlled_generation_rule,medium,DC-C06-S01-M1-CAND-0014
DC-C06-S01-M1-POS-0014,obfuscation_like_symbol_rename,controlled_generation_rule,medium,DC-C06-S01-M1-CAND-0014
DC-C06-S01-M1-POS-0014,class_set_change,feature_delta_smoke,strong,classes_jaccard=0.0000
DC-C06-S01-M1-POS-0015,r8_obfuscation,controlled_generation_rule,medium,DC-C06-S01-M1-CAND-0015
DC-C06-S01-M1-POS-0015,obfuscation_like_symbol_rename,controlled_generation_rule,medium,DC-C06-S01-M1-CAND-0015
DC-C06-S01-M1-POS-0015,class_set_change,feature_delta_smoke,strong,classes_jaccard=0.0000
DC-C06-S01-M1-POS-0016,r8_obfuscation,controlled_generation_rule,medium,DC-C06-S01-M1-CAND-0016
DC-C06-S01-M1-POS-0016,obfuscation_like_symbol_rename,controlled_generation_rule,medium,DC-C06-S01-M1-CAND-0016
DC-C06-S01-M1-POS-0016,class_set_change,feature_delta_smoke,strong,classes_jaccard=0.0000
DC-C06-S01-M1-POS-0017,r8_obfuscation,controlled_generation_rule,medium,DC-C06-S01-M1-CAND-0017
DC-C06-S01-M1-POS-0017,obfuscation_like_symbol_rename,controlled_generation_rule,medium,DC-C06-S01-M1-CAND-0017
DC-C06-S01-M1-POS-0017,class_set_change,feature_delta_smoke,strong,classes_jaccard=0.0000
DC-C06-S01-M1-POS-0018,r8_obfuscation,controlled_generation_rule,medium,DC-C06-S01-M1-CAND-0018
DC-C06-S01-M1-POS-0018,obfuscation_like_symbol_rename,controlled_generation_rule,medium,DC-C06-S01-M1-CAND-0018
DC-C06-S01-M1-POS-0018,class_set_change,feature_delta_smoke,strong,classes_jaccard=0.0000
DC-C06-S01-M1-POS-0019,r8_obfuscation,controlled_generation_rule,medium,DC-C06-S01-M1-CAND-0019
DC-C06-S01-M1-POS-0019,obfuscation_like_symbol_rename,controlled_generation_rule,medium,DC-C06-S01-M1-CAND-0019
DC-C06-S01-M1-POS-0019,class_set_change,feature_delta_smoke,strong,classes_jaccard=0.0000
DC-C06-S01-M1-POS-0020,r8_obfuscation,controlled_generation_rule,medium,DC-C06-S01-M1-CAND-0020
DC-C06-S01-M1-POS-0020,obfuscation_like_symbol_rename,controlled_generation_rule,medium,DC-C06-S01-M1-CAND-0020
DC-C06-S01-M1-POS-0020,class_set_change,feature_delta_smoke,strong,classes_jaccard=0.0000
DC-C06-S01-M1-NEG-0001,negative_non_clone,negative_sampling_policy,strong,negative_shift:DC-C06-S01-M1-CAND-0001->DC-C06-S01-M1-CAND-0002
DC-C06-S01-M1-NEG-0002,negative_non_clone,negative_sampling_policy,strong,negative_shift:DC-C06-S01-M1-CAND-0002->DC-C06-S01-M1-CAND-0003
DC-C06-S01-M1-NEG-0003,negative_non_clone,negative_sampling_policy,strong,negative_shift:DC-C06-S01-M1-CAND-0003->DC-C06-S01-M1-CAND-0004
DC-C06-S01-M1-NEG-0004,negative_non_clone,negative_sampling_policy,strong,negative_shift:DC-C06-S01-M1-CAND-0004->DC-C06-S01-M1-CAND-0006
DC-C06-S01-M1-NEG-0005,negative_non_clone,negative_sampling_policy,strong,negative_shift:DC-C06-S01-M1-CAND-0006->DC-C06-S01-M1-CAND-0007
DC-C06-S01-M1-NEG-0006,negative_non_clone,negative_sampling_policy,strong,negative_shift:DC-C06-S01-M1-CAND-0007->DC-C06-S01-M1-CAND-0008
DC-C06-S01-M1-NEG-0007,negative_non_clone,negative_sampling_policy,strong,negative_shift:DC-C06-S01-M1-CAND-0008->DC-C06-S01-M1-CAND-0009
DC-C06-S01-M1-NEG-0008,negative_non_clone,negative_sampling_policy,strong,negative_shift:DC-C06-S01-M1-CAND-0009->DC-C06-S01-M1-CAND-0011
DC-C06-S01-M1-NEG-0009,negative_non_clone,negative_sampling_policy,strong,negative_shift:DC-C06-S01-M1-CAND-0011->DC-C06-S01-M1-CAND-0012
DC-C06-S01-M1-NEG-0010,negative_non_clone,negative_sampling_policy,strong,negative_shift:DC-C06-S01-M1-CAND-0012->DC-C06-S01-M1-CAND-0013
DC-C06-S01-M1-NEG-0011,negative_non_clone,negative_sampling_policy,strong,negative_shift:DC-C06-S01-M1-CAND-0013->DC-C06-S01-M1-CAND-0014
DC-C06-S01-M1-NEG-0012,negative_non_clone,negative_sampling_policy,strong,negative_shift:DC-C06-S01-M1-CAND-0014->DC-C06-S01-M1-CAND-0016
DC-C06-S01-M1-NEG-0013,negative_non_clone,negative_sampling_policy,strong,negative_shift:DC-C06-S01-M1-CAND-0016->DC-C06-S01-M1-CAND-0017
DC-C06-S01-M1-NEG-0014,negative_non_clone,negative_sampling_policy,strong,negative_shift:DC-C06-S01-M1-CAND-0017->DC-C06-S01-M1-CAND-0018
DC-C06-S01-M1-NEG-0015,negative_non_clone,negative_sampling_policy,strong,negative_shift:DC-C06-S01-M1-CAND-0018->DC-C06-S01-M1-CAND-0019
DC-C06-S01-M1-NEG-0016,negative_non_clone,negative_sampling_policy,strong,negative_shift:DC-C06-S01-M1-CAND-0019->DC-C06-S01-M1-CAND-0001
DC-C06-S01-M1-NEG-0017,negative_non_clone,negative_sampling_policy,strong,negative_shift:DC-C06-S01-M1-CAND-0005->DC-C06-S01-M1-CAND-0010
DC-C06-S01-M1-NEG-0018,negative_non_clone,negative_sampling_policy,strong,negative_shift:DC-C06-S01-M1-CAND-0010->DC-C06-S01-M1-CAND-0015
DC-C06-S01-M1-NEG-0019,negative_non_clone,negative_sampling_policy,strong,negative_shift:DC-C06-S01-M1-CAND-0015->DC-C06-S01-M1-CAND-0020
DC-C06-S01-M1-NEG-0020,negative_non_clone,negative_sampling_policy,strong,negative_shift:DC-C06-S01-M1-CAND-0020->DC-C06-S01-M1-CAND-0005
